"tax_date","cdi_rate_pct","selic_rate_pct","ibov_points_count","ibov_var_pct","ifix_points_count","ifix_var_pct","ifil_points_count","ifil_var_pct","usd_buy_amt","usd_sell_amt","usd_var_pct","eur_buy_amt","eur_sell_amt","eur_var_pct","created_at","updated_at"
"2025-10-15 00:00:00","15.00","15.00","142604","0.65","3586","0.30","1584","0.32","5.45","5.45","-0.03","6.35","6.35","-0.03","2025-10-16 00:00:00","2025-10-16 00:00:00"
"2025-10-14 00:00:00","15.00","15.00","141683","-0.07","3575","0.15","1579","0.15","5.47","5.48","-0.32","6.34","6.36","-0.34","2025-10-15 00:00:00","2025-10-15 00:00:00"
"2025-10-13 00:00:00","15.00","15.00","140680","-0.73","3577","0.11","1577","-0.21","5.50","5.53","-0.30","6.39","6.42","-0.30","2025-10-13 00:00:00","2025-10-13 00:00:00"
"2025-10-10 00:00:00","15.00","15.00","140680","-0.73","3577","0.11","1580","0.10","5.50","5.53","-0.30","6.39","6.42","-0.30","2025-10-11 00:00:00","2025-10-11 00:00:00"
"2025-10-09 00:00:00","15.00","15.00","141708","-0.31","3573","-0.11","1578","-0.12","5.38","5.38","0.05","6.22","6.22","0.06","2025-10-10 00:00:00","2025-10-10 00:00:00"
"2025-10-08 00:00:00","15.00","15.00","142145","0.56","3577","0.05","1580","0.07","5.35","5.34","0.31","6.23","6.21","0.32","2025-10-09 00:00:00","2025-10-09 00:00:00"
"2025-10-07 00:00:00","15.00","15.00","141356","-1.57","3575","-0.20","1579","-0.20","5.35","5.36","-0.10","6.24","6.25","-0.06","2025-10-08 00:00:00","2025-10-08 00:00:00"
"2025-10-06 00:00:00","15.00","15.00","144201","0.17","3585","0.30","1582","-0.06","5.33","5.34","-0.09","6.27","6.27","0.00","2025-10-05 00:00:00","2025-10-05 00:00:00"
"2025-10-03 00:00:00","15.00","15.00","143803","-0.10","3579","0.13","1583","0.32","5.36","5.36","0.31","6.29","6.29","0.54","2025-10-03 00:00:00","2025-10-03 00:00:00"
"2025-10-01 00:00:00","15.00","15.00","145517","-0.49","3573","-0.46","1577","-0.49","5.33","5.33","0.00","6.25","6.25","0.05","2025-10-02 00:00:00","2025-10-02 00:00:00"
"2025-09-30 00:00:00","15.00","15.00","146237","-0.07","3589","0.20","1585","0.20","5.32","5.32","0.00","6.24","6.24","-0.03","2025-10-01 00:00:00","2025-10-01 00:00:00"
"2025-09-29 00:00:00","15.00","15.00","146337","0.61","3582","0.10","1582","0.09","5.31","5.32","-0.18","6.23","6.24","-0.19","2025-09-30 00:00:00","2025-09-30 00:00:00"
"2025-09-26 00:00:00","15.00","15.00","145447","0.10","3579","0.27","1580","0.22","5.34","5.35","-0.25","6.26","6.25","0.07","2025-09-27 00:00:00","2025-09-27 00:00:00"
"2025-09-25 00:00:00","15.00","15.00","145306","-0.81","3569","0.13","1577","0.17","5.36","5.37","-0.01","6.26","6.26","0.04","2025-09-26 00:00:00","2025-09-26 00:00:00"
"2025-09-24 00:00:00","15.00","15.00","146492","0.05","3564","0.03","1574","0.02","5.33","5.33","0.09","6.26","6.26","0.14","2025-09-25 00:00:00","2025-09-25 00:00:00"
"2025-09-23 00:00:00","15.00","15.00","146425","0.91","3563","0.14","1574","0.14","5.28","5.28","0.00","6.24","6.24","0.07","2025-09-24 00:00:00","2025-09-24 00:00:00"
"2025-09-22 00:00:00","15.00","15.00","145865","0.25","3567","0.35","1572","-0.24","5.32","5.33","-0.15","6.25","6.25","-0.16","2025-09-21 00:00:00","2025-09-21 00:00:00"
"2025-09-19 00:00:00","15.00","15.00","145865","0.25","3567","0.35","1576","0.37","5.32","5.33","-0.15","6.25","6.25","-0.16","2025-09-20 00:00:00","2025-09-20 00:00:00"
"2025-09-18 00:00:00","15.00","15.00","145499","-0.06","3555","-0.25","1570","-0.26","5.31","5.31","-0.05","6.25","6.25","-0.06","2025-09-19 00:00:00","2025-09-19 00:00:00"
"2025-09-17 00:00:00","15.00","15.00","145594","1.06","3563","0.18","1574","0.15","5.31","5.31","0.02","6.28","6.28","0.06","2025-09-18 00:00:00","2025-09-18 00:00:00"
"2025-09-16 00:00:00","15.00","15.00","144062","0.36","3557","0.28","1572","0.26","5.30","5.30","0.01","6.28","6.29","0.05","2025-09-17 00:00:00","2025-09-17 00:00:00"
"2025-09-15 00:00:00","15.00","15.00","142272","-0.61","3535","0.57","1567","0.32","5.35","5.35","0.04","6.27","6.28","0.00","2025-09-14 00:00:00","2025-09-14 00:00:00"
"2025-09-12 00:00:00","15.00","15.00","142272","-0.61","3535","0.57","1562","0.62","5.35","5.35","0.04","6.27","6.28","0.00","2025-09-13 00:00:00","2025-09-13 00:00:00"
"2025-09-11 00:00:00","15.00","15.00","143151","0.56","3515","0.00","1553","-0.02","5.39","5.39","0.09","6.33","6.33","0.11","2025-09-12 00:00:00","2025-09-12 00:00:00"
"2025-09-10 00:00:00","15.00","15.00","142349","0.52","3515","0.25","1553","0.24","5.41","5.40","0.03","6.32","6.33","0.08","2025-09-11 00:00:00","2025-09-11 00:00:00"
"2025-09-09 00:00:00","15.00","15.00","141618","-0.12","3506","-0.10","1549","-0.10","5.43","5.43","-0.02","6.36","6.37","-0.04","2025-09-10 00:00:00","2025-09-10 00:00:00"
"2025-09-08 00:00:00","15.00","15.00","142640","1.17","3500","0.43","1551","0.30","5.41","5.42","-0.10","6.34","6.35","0.00","2025-09-07 00:00:00","2025-09-07 00:00:00"
"2025-09-05 00:00:00","15.00","15.00","142640","1.17","3500","0.43","1546","0.42","5.41","5.42","-0.10","6.34","6.35","0.00","2025-09-06 00:00:00","2025-09-06 00:00:00"
"2025-09-04 00:00:00","15.00","15.00","140047","0.13","3486","0.01","1540","-0.01","5.45","5.45","0.08","6.35","6.35","-0.09","2025-09-04 00:00:00","2025-09-04 00:00:00"
"2025-09-02 00:00:00","15.00","15.00","140335","-0.67","3472","-0.20","1534","-0.20","5.47","5.47","0.02","6.37","6.37","0.04","2025-09-03 00:00:00","2025-09-03 00:00:00"
"2025-09-01 00:00:00","15.00","15.00","141422","0.26","3476","0.70","1537","0.14","5.42","5.43","-0.17","6.35","6.35","0.00","2025-08-31 00:00:00","2025-08-31 00:00:00"
"2025-08-29 00:00:00","15.00","15.00","141422","0.26","3476","0.70","1535","0.66","5.42","5.43","-0.17","6.35","6.35","0.00","2025-08-30 00:00:00","2025-08-30 00:00:00"
"2025-08-28 00:00:00","15.00","15.00","141049","1.32","3452","0.31","1525","0.30","5.41","5.41","0.02","6.32","6.32","0.00","2025-08-29 00:00:00","2025-08-29 00:00:00"
"2025-08-27 00:00:00","15.00","15.00","139206","1.04","3442","0.04","1520","0.06","5.42","5.42","0.02","6.31","6.31","0.10","2025-08-28 00:00:00","2025-08-28 00:00:00"
"2025-08-26 00:00:00","15.00","15.00","137771","-0.18","3440","0.23","1519","0.25","5.43","5.43","0.02","6.32","6.33","-0.02","2025-08-27 00:00:00","2025-08-27 00:00:00"
"2025-08-25 00:00:00","15.00","15.00","137968","2.57","3430","0.13","1515","0.07","5.42","5.42","0.00","6.35","6.36","0.00","2025-08-24 00:00:00","2025-08-24 00:00:00"
"2025-08-22 00:00:00","15.00","15.00","137968","2.57","3430","0.13","1514","0.14","5.42","5.42","0.00","6.35","6.36","0.00","2025-08-23 00:00:00","2025-08-23 00:00:00"
"2025-08-21 00:00:00","15.00","15.00","134666","0.17","3423","-0.18","1512","0.12","5.47","5.48","-0.14","6.38","6.38","-0.20","2025-08-21 00:00:00","2025-08-21 00:00:00"
"2025-08-19 00:00:00","15.00","15.00","134432","-2.10","3429","-0.18","1513","-0.19","5.49","5.50","-0.13","6.40","6.41","-0.20","2025-08-20 00:00:00","2025-08-20 00:00:00"
"2025-08-18 00:00:00","15.00","15.00","136341","-0.01","3431","0.34","1515","0.08","5.40","5.40","-0.02","6.32","6.32","0.00","2025-08-17 00:00:00","2025-08-17 00:00:00"
"2025-08-15 00:00:00","15.00","15.00","136341","-0.01","3431","0.34","1514","0.34","5.40","5.40","-0.02","6.32","6.32","0.00","2025-08-16 00:00:00","2025-08-16 00:00:00"
"2025-08-14 00:00:00","15.00","15.00","136687","-0.89","3411","-0.03","1509","0.26","5.39","5.39","0.00","6.31","6.31","0.09","2025-08-14 00:00:00","2025-08-14 00:00:00"
"2025-08-12 00:00:00","15.00","15.00","137914","1.69","3412","-0.19","1505","-0.20","5.39","5.40","-0.14","6.29","6.31","-0.11","2025-08-13 00:00:00","2025-08-13 00:00:00"
"2025-08-11 00:00:00","15.00","15.00","135913","-0.45","3420","0.28","1508","-0.07","5.43","5.43","0.00","6.32","6.33","0.00","2025-08-10 00:00:00","2025-08-10 00:00:00"
"2025-08-08 00:00:00","15.00","15.00","135913","-0.45","3420","0.28","1510","0.32","5.43","5.43","0.00","6.32","6.33","0.00","2025-08-09 00:00:00","2025-08-09 00:00:00"
"2025-08-07 00:00:00","15.00","15.00","136528","1.48","3410","0.18","1505","0.20","5.42","5.42","0.01","6.32","6.32","0.07","2025-08-08 00:00:00","2025-08-08 00:00:00"
"2025-08-06 00:00:00","15.00","15.00","134538","1.04","3404","-0.13","1502","-0.12","5.46","5.46","-0.02","6.37","6.37","0.04","2025-08-07 00:00:00","2025-08-07 00:00:00"
"2025-08-05 00:00:00","15.00","15.00","133151","0.14","3409","-0.31","1503","-0.31","5.50","5.51","-0.01","6.37","6.37","-0.03","2025-08-06 00:00:00","2025-08-06 00:00:00"
"2025-08-04 00:00:00","15.00","15.00","132437","-0.48","3430","-0.18","1508","-0.34","5.54","5.54","-0.05","6.42","6.42","0.01","2025-08-04 00:00:00","2025-08-04 00:00:00"
"2025-07-31 00:00:00","15.00","15.00","133071","-0.69","3436","0.67","1516","0.70","5.60","5.60","0.02","6.39","6.39","0.02","2025-08-01 00:00:00","2025-08-01 00:00:00"
"2025-07-30 00:00:00","15.00","15.00","132726","0.45","3420","-0.31","1506","-0.21","5.58","5.59","0.05","6.41","6.41","-0.46","2025-07-30 00:00:00","2025-07-30 00:00:00"
"2025-07-28 00:00:00","15.00","15.00","133524","-0.21","3445","0.22","1513","-0.44","5.57","5.56","0.03","6.53","6.54","0.00","2025-07-27 00:00:00","2025-07-27 00:00:00"
"2025-07-23 00:00:00","15.00","15.00","135368","0.99","3433","-0.24","1514","-0.25","5.56","5.52","0.00","6.54","6.50","0.00","2025-07-24 00:00:00","2025-07-24 00:00:00"
"2025-07-22 00:00:00","15.00","15.00","134036","-0.10","3441","-0.09","1518","-0.05","5.56","5.57","0.07","6.54","6.54","0.06","2025-07-23 00:00:00","2025-07-23 00:00:00"
"2025-07-21 00:00:00","15.00","15.00","133382","-1.61","3465","-0.29","1519","-0.66","5.59","5.58","0.24","6.49","6.49","0.00","2025-07-20 00:00:00","2025-07-20 00:00:00"
"2025-07-18 00:00:00","15.00","15.00","135565","0.04","3475","-0.01","1529","-0.29","5.54","5.55","-0.13","6.46","6.46","0.40","2025-07-18 00:00:00","2025-07-18 00:00:00"
"2025-07-16 00:00:00","15.00","15.00","135511","0.19","3475","-0.12","1533","-0.12","5.57","5.57","0.04","6.48","6.48","0.08","2025-07-17 00:00:00","2025-07-17 00:00:00"
"2025-07-15 00:00:00","15.00","15.00","135250","-0.04","3479","-0.13","1535","-0.16","5.56","5.56","0.05","6.45","6.45","0.11","2025-07-16 00:00:00","2025-07-16 00:00:00"
"2025-07-14 00:00:00","15.00","15.00","136187","-0.41","3483","0.24","1537","0.00","5.56","5.56","0.00","6.50","6.51","0.00","2025-07-13 00:00:00","2025-07-13 00:00:00"
"2025-07-09 00:00:00","15.00","15.00","137481","-1.31","3483","-0.11","1537","-0.13","5.58","5.58","0.13","6.54","6.55","0.10","2025-07-10 00:00:00","2025-07-10 00:00:00"
"2025-07-08 00:00:00","15.00","15.00","139490","-1.26","3492","-0.11","1539","-0.18","5.49","5.49","0.03","6.44","6.44","0.20","2025-07-08 00:00:00","2025-07-08 00:00:00"
"2025-07-07 00:00:00","15.00","15.00","141264","0.24","3495","0.39","1544","0.44","5.42","5.42","0.04","6.39","6.39","0.06","2025-07-06 00:00:00","2025-07-06 00:00:00"
"2025-07-04 00:00:00","15.00","15.00","140928","1.35","3482","0.19","1544","0.44","5.41","5.41","0.07","6.36","6.36","0.13","2025-07-04 00:00:00","2025-07-04 00:00:00"
"2025-07-02 00:00:00","15.00","15.00","139051","-0.36","3475","0.01","1534","-0.01","5.42","5.43","-0.07","6.40","6.40","-0.02","2025-07-03 00:00:00","2025-07-03 00:00:00"
"2025-07-01 00:00:00","15.00","15.00","139549","0.50","3475","-0.26","1534","-0.27","5.45","5.46","0.00","6.44","6.44","0.00","2025-07-02 00:00:00","2025-07-02 00:00:00"
"2025-06-30 00:00:00","15.00","15.00","136866","-0.18","3463","0.39","1539","0.60","5.49","5.48","0.13","6.42","6.43","-0.02","2025-06-29 00:00:00","2025-06-29 00:00:00"
"2025-06-27 00:00:00","15.00","15.00","136866","-0.18","3463","0.39","1529","0.40","5.49","5.48","0.13","6.42","6.43","-0.02","2025-06-28 00:00:00","2025-06-28 00:00:00"
"2025-06-26 00:00:00","15.00","15.00","137114","0.99","3450","0.21","1523","0.23","5.49","5.48","0.24","6.42","6.40","0.18","2025-06-27 00:00:00","2025-06-27 00:00:00"
"2025-06-25 00:00:00","15.00","15.00","137165","0.45","3434","0.13","1520","0.27","5.53","5.53","0.26","6.41","6.41","0.16","2025-06-25 00:00:00","2025-06-25 00:00:00"
"2025-06-20 00:00:00","15.00","15.00","138717","-0.09","3441","0.26","1514","-0.22","5.50","5.49","0.31","6.31","6.29","0.07","2025-06-19 00:00:00","2025-06-19 00:00:00"
"2025-06-16 00:00:00","14.75","14.75","138840","-0.30","3432","0.01","1515","-0.02","5.50","5.49","0.14","6.32","6.31","0.11","2025-06-18 00:00:00","2025-06-18 00:00:00"
"2025-06-12 00:00:00","14.75","14.75","137800","0.49","3391","-0.49","1515","0.39","5.54","5.54","0.05","6.42","6.42","0.07","2025-06-13 00:00:00","2025-06-13 00:00:00"
"2025-06-10 00:00:00","14.75","14.75","137128","0.51","3408","0.02","1505","0.03","5.54","5.54","0.00","6.36","6.37","0.06","2025-06-12 00:00:00","2025-06-12 00:00:00"
"2025-06-09 00:00:00","14.75","14.75","136436","0.54","3408","-0.25","1504","-0.23","5.57","5.57","0.01","6.37","6.37","0.01","2025-06-11 00:00:00","2025-06-11 00:00:00"
"2025-06-06 00:00:00","14.75","14.75","135699","-0.30","3416","-0.96","1508","-1.01","5.56","5.56","-0.03","6.35","6.35","-0.02","2025-06-10 00:00:00","2025-06-10 00:00:00"
"2025-06-05 00:00:00","14.75","14.75","136102","-0.10","3449","0.04","1523","0.05","5.56","5.56","0.00","6.34","6.34","0.00","2025-06-07 00:00:00","2025-06-07 00:00:00"
"2025-06-04 00:00:00","14.75","14.75","136236","-0.56","3448","0.01","1522","0.03","5.59","5.59","0.07","6.40","6.40","0.06","2025-06-06 00:00:00","2025-06-06 00:00:00"
"2025-06-03 00:00:00","14.75","14.75","137546","0.56","3454","0.27","1522","-0.18","5.64","5.64","0.05","6.41","6.41","-0.02","2025-06-04 00:00:00","2025-06-04 00:00:00"
"2025-06-02 00:00:00","14.75","14.75","136787","-0.18","3445","-0.49","1520","-0.50","5.68","5.67","0.13","6.50","6.49","0.16","2025-06-03 00:00:00","2025-06-03 00:00:00"
"2025-05-30 00:00:00","14.75","14.75","137027","-1.09","3462","0.46","1528","0.44","5.71","5.73","-0.24","6.50","6.50","0.09","2025-06-01 00:00:00","2025-06-01 00:00:00"
"2025-05-29 00:00:00","14.75","14.75","137027","-1.09","3462","0.46","1528","0.44","5.71","5.73","-0.24","6.50","6.50","0.09","2025-05-31 00:00:00","2025-05-31 00:00:00"
"2025-05-23 00:00:00","14.75","14.75","138136","0.23","3436","-0.12","1521","0.07","5.67","5.67","0.00","6.46","6.46","0.07","2025-05-27 00:00:00","2025-05-27 00:00:00"
"2025-05-22 00:00:00","14.75","14.75","137824","0.40","3440","0.10","1519","0.09","5.66","5.65","0.16","6.42","6.42","0.00","2025-05-24 00:00:00","2025-05-24 00:00:00"
"2025-05-20 00:00:00","14.75","14.75","137273","-0.44","3437","0.02","1518","0.02","5.72","5.72","0.00","6.45","6.46","0.04","2025-05-23 00:00:00","2025-05-23 00:00:00"
"2025-05-19 00:00:00","14.75","14.75","140110","0.34","3437","0.06","1518","-0.03","5.67","5.67","0.03","6.39","6.39","0.02","2025-05-21 00:00:00","2025-05-21 00:00:00"
"2025-05-16 00:00:00","14.75","14.75","139636","0.32","3437","-0.07","1518","0.03","5.65","5.65","-0.08","6.34","6.35","-0.12","2025-05-20 00:00:00","2025-05-20 00:00:00"
"2025-05-15 00:00:00","14.75","14.75","139187","-0.11","3439","0.47","1520","0.48","5.67","5.66","0.00","6.33","6.32","0.00","2025-05-17 00:00:00","2025-05-17 00:00:00"
"2025-05-13 00:00:00","14.75","14.75","138423","-0.39","3406","-0.17","1512","0.47","5.64","5.64","-0.07","6.30","6.31","-0.03","2025-05-15 00:00:00","2025-05-15 00:00:00"
"2025-05-08 00:00:00","14.75","14.75","136512","0.21","3408","0.53","1508","0.13","5.65","5.65","0.00","6.35","6.37","0.00","2025-05-11 00:00:00","2025-05-11 00:00:00"
"2025-05-07 00:00:00","14.25","14.25","136232","2.12","3390","0.05","1507","0.58","5.68","5.66","0.28","6.38","6.36","0.30","2025-05-09 00:00:00","2025-05-09 00:00:00"
"2025-05-06 00:00:00","14.25","14.25","133398","-0.09","3388","0.08","1498","0.12","5.75","5.75","0.00","6.50","6.49","-0.07","2025-05-08 00:00:00","2025-05-08 00:00:00"
"2025-05-05 00:00:00","14.25","14.25","133516","0.02","3386","-0.18","1496","-0.19","5.71","5.71","-0.06","6.47","6.48","-0.38","2025-05-07 00:00:00","2025-05-07 00:00:00"
"2025-05-02 00:00:00","14.25","14.25","133491","-1.22","3392","-0.81","1499","-0.86","5.69","5.69","-0.04","6.43","6.44","-0.03","2025-05-06 00:00:00","2025-05-06 00:00:00"
"2025-04-29 00:00:00","14.25","14.25","135067","-0.02","3413","0.33","1512","0.19","5.67","5.68","0.17","6.41","6.42","-0.07","2025-05-01 00:00:00","2025-05-01 00:00:00"
"2025-04-28 00:00:00","14.25","14.25","135093","0.06","3401","0.19","1504","0.15","5.62","5.62","-0.22","6.40","6.40","-0.20","2025-04-30 00:00:00","2025-04-30 00:00:00"
"2025-04-25 00:00:00","14.25","14.25","135016","0.21","3395","0.11","1502","0.06","5.65","5.65","0.00","6.45","6.45","-0.06","2025-04-29 00:00:00","2025-04-29 00:00:00"
"2025-04-24 00:00:00","14.25","14.25","134739","0.12","3391","0.76","1501","0.76","5.69","5.69","-0.04","6.47","6.49","0.00","2025-04-26 00:00:00","2025-04-26 00:00:00"
"2025-04-23 00:00:00","14.25","14.25","134580","1.79","3366","0.16","1490","0.14","5.68","5.68","0.04","6.47","6.47","-0.02","2025-04-25 00:00:00","2025-04-25 00:00:00"
"2025-04-22 00:00:00","14.25","14.25","132216","1.34","3360","0.29","1488","0.28","5.71","5.71","0.11","6.48","6.48","0.31","2025-04-24 00:00:00","2025-04-24 00:00:00"
"2025-04-17 00:00:00","14.25","14.25","130464","0.63","3351","0.52","1483","0.53","5.72","5.72","0.00","6.49","6.49","-0.77","2025-04-23 00:00:00","2025-04-23 00:00:00"
"2025-04-16 00:00:00","14.25","14.25","129650","1.04","3333","0.74","1476","0.77","5.80","5.80","-0.16","6.62","6.61","0.24","2025-04-18 00:00:00","2025-04-18 00:00:00"
"2025-04-15 00:00:00","14.25","14.25","128317","-0.72","3309","0.50","1464","0.49","5.87","5.87","0.00","6.69","6.69","-0.07","2025-04-17 00:00:00","2025-04-17 00:00:00"
"2025-04-14 00:00:00","14.25","14.25","129245","-0.16","3292","0.36","1457","0.35","5.89","5.89","0.08","6.65","6.65","0.10","2025-04-16 00:00:00","2025-04-16 00:00:00"
"2025-04-11 00:00:00","14.25","14.25","129454","1.39","3281","0.70","1452","0.73","5.85","5.85","-0.06","6.65","6.64","-0.03","2025-04-15 00:00:00","2025-04-15 00:00:00"
"2025-04-10 00:00:00","14.25","14.25","127682","1.05","3258","0.34","1441","0.37","5.87","5.87","0.20","6.66","6.66","0.02","2025-04-14 00:00:00","2025-04-14 00:00:00"
"2025-04-09 00:00:00","14.25","14.25","126355","-1.13","3247","0.00","1436","0.03","5.89","5.89","0.10","6.60","6.61","0.29","2025-04-11 00:00:00","2025-04-11 00:00:00"
"2025-04-08 00:00:00","14.25","14.25","127796","3.12","3247","0.10","1436","0.10","5.82","5.82","0.00","6.37","6.37","0.02","2025-04-10 00:00:00","2025-04-10 00:00:00"
"2025-04-07 00:00:00","14.25","14.25","123932","-1.32","3243","-0.32","1434","-0.38","6.01","6.01","0.08","6.60","6.60","0.14","2025-04-09 00:00:00","2025-04-09 00:00:00"
"2025-04-04 00:00:00","14.25","14.25","125588","-1.31","3254","-0.80","1440","-0.77","5.91","5.91","0.00","6.45","6.45","-0.01","2025-04-08 00:00:00","2025-04-08 00:00:00"
"2025-04-03 00:00:00","14.25","14.25","127256","-2.96","3280","-0.76","1451","-0.77","5.84","5.84","-0.10","6.41","6.41","0.00","2025-04-05 00:00:00","2025-04-05 00:00:00"
"2025-04-02 00:00:00","14.25","14.25","131141","-0.04","3305","-0.13","1462","-0.10","5.63","5.63","0.00","6.23","6.23","0.13","2025-04-04 00:00:00","2025-04-04 00:00:00"
"2025-04-01 00:00:00","14.25","14.25","131190","0.03","3309","-0.06","1464","-0.05","5.69","5.69","0.43","6.16","6.16","0.35","2025-04-03 00:00:00","2025-04-03 00:00:00"
"2025-03-31 00:00:00","14.25","14.25","131147","0.68","3311","-0.05","1464","-0.02","5.68","5.68","-0.01","6.14","6.14","0.12","2025-04-02 00:00:00","2025-04-02 00:00:00"
"2025-03-28 00:00:00","14.25","14.25","130260","-1.25","3313","0.34","1465","0.35","5.70","5.70","-0.01","6.17","6.17","-0.05","2025-04-01 00:00:00","2025-04-01 00:00:00"
"2025-03-27 00:00:00","14.25","14.25","131902","-0.94","3302","0.48","1460","0.47","5.76","5.76","-0.08","6.24","6.24","0.01","2025-03-29 00:00:00","2025-03-29 00:00:00"
"2025-03-25 00:00:00","14.25","14.25","132664","0.11","3279","0.21","1453","0.43","5.76","5.76","0.46","6.21","6.21","0.77","2025-03-27 00:00:00","2025-03-27 00:00:00"
"2025-03-24 00:00:00","14.25","14.25","132068","0.57","3266","0.14","1443","0.13","5.70","5.70","-0.02","6.15","6.15","-0.04","2025-03-26 00:00:00","2025-03-26 00:00:00"
"2025-03-21 00:00:00","14.25","14.25","131321","-0.77","3261","0.08","0","0.00","5.75","5.75","0.00","6.21","6.21","-0.01","2025-03-25 00:00:00","2025-03-25 00:00:00"
"2025-03-20 00:00:00","14.25","14.25","132345","0.30","3259","-0.01","1440","-0.10","5.73","5.73","0.03","6.20","6.20","0.05","2025-03-22 00:00:00","2025-03-22 00:00:00"
"2025-03-19 00:00:00","13.25","13.25","131955","-0.42","3259","0.11","1442","0.10","5.67","5.67","-0.10","6.16","6.16","-0.12","2025-03-21 00:00:00","2025-03-21 00:00:00"
"2025-03-18 00:00:00","13.25","13.25","132508","0.79","3256","0.58","1440","0.57","5.64","5.64","-0.16","6.15","6.15","-0.12","2025-03-20 00:00:00","2025-03-20 00:00:00"
"2025-03-17 00:00:00","13.25","13.25","131475","0.49","3237","0.52","1432","0.47","5.67","5.67","-0.04","6.20","6.20","-0.04","2025-03-19 00:00:00","2025-03-19 00:00:00"
"2025-03-14 00:00:00","13.25","13.25","130834","1.46","3220","0.23","1425","0.30","5.67","5.67","-0.26","6.19","6.19","-0.24","2025-03-18 00:00:00","2025-03-18 00:00:00"
"2025-03-13 00:00:00","13.25","13.25","128957","2.64","3213","0.76","1421","0.73","5.74","5.74","-0.08","6.25","6.25","0.03","2025-03-15 00:00:00","2025-03-15 00:00:00"
"2025-03-12 00:00:00","13.25","13.25","125637","1.43","3188","0.09","1411","0.06","5.80","5.80","-0.01","6.29","6.29","0.02","2025-03-14 00:00:00","2025-03-14 00:00:00"
"2025-03-11 00:00:00","13.25","13.25","123864","0.29","3185","0.36","1410","0.32","5.80","5.80","0.00","6.31","6.31","0.00","2025-03-13 00:00:00","2025-03-13 00:00:00"
"2025-03-10 00:00:00","13.25","13.25","123507","-0.81","3174","0.30","1405","0.28","5.81","5.81","0.06","6.34","6.34","0.04","2025-03-12 00:00:00","2025-03-12 00:00:00"
"2025-03-07 00:00:00","13.25","13.25","124415","-0.08","3170","0.18","1402","0.08","5.83","5.83","-0.34","6.37","6.37","0.49","2025-03-11 00:00:00","2025-03-11 00:00:00"
"2025-03-06 00:00:00","13.25","13.25","125035","1.36","3161","0.65","1400","0.63","5.79","5.79","0.06","6.27","6.27","-0.09","2025-03-08 00:00:00","2025-03-08 00:00:00"
"2025-03-05 00:00:00","13.25","13.25","123358","0.25","3141","0.60","1392","0.63","5.76","5.76","-0.09","6.22","6.22","0.10","2025-03-07 00:00:00","2025-03-07 00:00:00"
"2025-02-27 00:00:00","13.25","13.25","122799","-1.60","3121","0.19","1383","-0.01","5.90","5.90","0.30","6.12","6.12","0.31","2025-03-01 00:00:00","2025-03-01 00:00:00"
"2025-02-26 00:00:00","13.25","13.25","124799","0.02","3116","0.30","1381","0.29","5.82","5.82","-0.21","6.06","6.06","-0.24","2025-02-28 00:00:00","2025-02-28 00:00:00"
"2025-02-25 00:00:00","13.25","13.25","124769","-0.96","3106","-0.38","1377","-0.36","5.79","5.79","-0.42","6.09","6.09","-0.21","2025-02-27 00:00:00","2025-02-27 00:00:00"
"2025-02-24 00:00:00","13.25","13.25","125980","0.46","3118","0.15","1382","0.16","5.75","5.75","0.06","6.03","6.04","-0.11","2025-02-26 00:00:00","2025-02-26 00:00:00"
"2025-02-21 00:00:00","13.25","13.25","125401","-1.36","3114","0.21","1380","0.19","5.78","5.78","-0.06","6.05","6.05","-0.03","2025-02-25 00:00:00","2025-02-25 00:00:00"
"2025-02-19 00:00:00","13.25","13.25","127601","0.23","3075","0.50","1377","1.06","5.70","5.70","-0.13","5.99","5.98","-0.08","2025-02-21 00:00:00","2025-02-21 00:00:00"
"2025-02-18 00:00:00","13.25","13.25","127309","-0.95","3060","-0.01","1357","-0.09","5.71","5.71","-0.17","5.96","5.96","-0.18","2025-02-20 00:00:00","2025-02-20 00:00:00"
"2025-02-17 00:00:00","13.25","13.25","128532","-0.02","3061","0.52","1358","0.55","5.69","5.69","0.06","5.95","5.95","0.10","2025-02-19 00:00:00","2025-02-19 00:00:00"
"2025-02-14 00:00:00","13.25","13.25","128552","0.26","3045","0.87","1351","0.86","5.71","5.71","-0.08","5.98","5.98","-0.06","2025-02-18 00:00:00","2025-02-18 00:00:00"
"2025-02-13 00:00:00","13.25","13.25","128219","2.70","3018","0.68","1339","0.65","5.70","5.70","0.07","6.00","6.00","0.24","2025-02-15 00:00:00","2025-02-15 00:00:00"
"2025-02-12 00:00:00","13.25","13.25","124850","0.38","2998","-0.24","1330","-0.20","5.78","5.78","0.31","6.04","6.04","0.06","2025-02-14 00:00:00","2025-02-14 00:00:00"
"2025-02-11 00:00:00","13.25","13.25","124380","-1.69","3005","0.03","1333","0.09","5.76","5.76","-0.05","5.99","5.98","-0.01","2025-02-13 00:00:00","2025-02-13 00:00:00"
"2025-02-10 00:00:00","13.25","13.25","126522","0.76","3004","-0.01","1332","-0.03","5.77","5.77","0.10","5.97","5.97","0.00","2025-02-12 00:00:00","2025-02-12 00:00:00"
"2025-02-07 00:00:00","13.25","13.25","125572","0.76","3005","-0.10","1332","-0.14","5.78","5.78","-0.15","5.96","5.96","-0.13","2025-02-11 00:00:00","2025-02-11 00:00:00"
"2025-02-06 00:00:00","13.25","13.25","124619","-1.27","3007","0.39","1334","0.37","5.81","5.81","0.06","6.00","6.00","0.02","2025-02-08 00:00:00","2025-02-08 00:00:00"
"2025-02-05 00:00:00","13.25","13.25","126225","0.55","2996","0.05","1329","0.09","5.75","5.75","-0.13","5.98","5.98","-0.10","2025-02-07 00:00:00","2025-02-07 00:00:00"
"2025-02-04 00:00:00","13.25","13.25","125534","0.31","2994","-0.20","1328","-0.12","5.79","5.79","-0.17","6.04","6.04","0.10","2025-02-06 00:00:00","2025-02-06 00:00:00"
"2025-02-03 00:00:00","13.25","13.25","125147","-0.65","3000","-0.05","1330","-0.06","5.77","5.77","0.36","5.98","5.98","0.07","2025-02-05 00:00:00","2025-02-05 00:00:00"
"2025-01-31 00:00:00","13.25","13.25","125970","-0.13","3002","-0.63","1330","-0.74","5.82","5.82","0.20","6.02","6.02","0.65","2025-02-04 00:00:00","2025-02-04 00:00:00"
"2025-01-30 00:00:00","13.25","13.25","126135","-0.61","3021","0.80","1340","0.79","5.84","5.84","-0.01","6.05","6.05","-0.02","2025-02-01 00:00:00","2025-02-01 00:00:00"
"2025-01-29 00:00:00","12.25","12.25","126913","2.82","2997","0.74","1330","0.78","5.87","5.88","0.03","6.10","6.10","-0.20","2025-01-31 00:00:00","2025-01-31 00:00:00"
"2025-01-28 00:00:00","12.25","12.25","123432","-0.50","2975","0.00","1319","0.02","5.87","5.87","0.22","6.12","6.12","0.16","2025-01-30 00:00:00","2025-01-30 00:00:00"
"2025-01-27 00:00:00","12.25","12.25","124056","-0.65","2975","-0.49","1319","-0.47","5.86","5.87","0.14","6.11","6.11","-0.11","2025-01-29 00:00:00","2025-01-29 00:00:00"
"2025-01-24 00:00:00","12.25","12.25","124862","1.97","2989","-0.39","1325","-0.39","5.91","5.91","0.27","6.18","6.18","-0.04","2025-01-28 00:00:00","2025-01-28 00:00:00"
"2025-01-23 00:00:00","12.25","12.25","122447","-0.03","3001","0.12","1331","0.13","5.91","5.91","-0.02","6.19","6.19","-0.28","2025-01-25 00:00:00","2025-01-25 00:00:00"
"2025-01-22 00:00:00","12.25","12.25","122483","-0.40","2997","-0.44","1329","-0.43","5.92","5.92","0.01","6.17","6.17","0.04","2025-01-24 00:00:00","2025-01-24 00:00:00"
"2025-01-21 00:00:00","12.25","12.25","122972","-0.30","3011","-0.27","1335","-0.22","5.93","5.93","-0.22","6.19","6.18","0.01","2025-01-23 00:00:00","2025-01-23 00:00:00"
"2025-01-20 00:00:00","12.25","12.25","123338","0.39","3019","-0.66","1338","-0.69","6.02","6.02","0.03","6.28","6.28","0.01","2025-01-22 00:00:00","2025-01-22 00:00:00"
"2025-01-17 00:00:00","12.25","12.25","122855","0.41","3039","-0.09","1347","-0.07","6.04","6.04","0.17","6.28","6.28","0.00","2025-01-21 00:00:00","2025-01-21 00:00:00"
"2025-01-16 00:00:00","12.25","12.25","122350","0.92","3042","-1.38","1348","-1.43","6.06","6.06","-0.10","6.22","6.22","-0.18","2025-01-19 00:00:00","2025-01-19 00:00:00"
"2025-01-15 00:00:00","12.25","12.25","122350","0.92","3042","-1.38","1348","-1.43","6.06","6.06","-0.10","6.22","6.22","-0.18","2025-01-18 00:00:00","2025-01-18 00:00:00"
"2025-01-14 00:00:00","12.25","12.25","122650","2.81","3091","0.83","1367","-0.25","6.03","6.03","0.30","6.19","6.19","0.04","2025-01-16 00:00:00","2025-01-16 00:00:00"
"2025-01-10 00:00:00","12.25","12.25","119007","0.13","3068","-0.29","1359","-0.24","6.09","6.09","0.00","6.26","6.26","0.63","2025-01-14 00:00:00","2025-01-14 00:00:00"
"2025-01-09 00:00:00","12.25","12.25","118856","-0.77","3077","0.22","1362","0.31","6.10","6.10","-0.05","6.25","6.25","-0.14","2025-01-11 00:00:00","2025-01-11 00:00:00"
"2025-01-08 00:00:00","12.25","12.25","119781","0.13","3070","-0.50","1358","-0.51","6.05","6.05","0.32","6.22","6.22","0.04","2025-01-10 00:00:00","2025-01-10 00:00:00"
"2025-01-07 00:00:00","12.25","12.25","119625","-1.27","3086","-0.94","1378","-0.16","6.12","6.12","0.26","6.30","6.30","-0.01","2025-01-09 00:00:00","2025-01-09 00:00:00"
"2025-01-06 00:00:00","12.25","12.25","121163","0.95","3115","-0.13","1380","0.06","6.10","6.10","-0.03","6.31","6.31","-0.01","2025-01-08 00:00:00","2025-01-08 00:00:00"
"2025-01-03 00:00:00","12.25","12.25","120022","1.26","3119","0.07","1379","-0.01","6.11","6.11","0.06","6.35","6.35","0.00","2025-01-07 00:00:00","2025-01-07 00:00:00"
"2025-01-02 00:00:00","12.25","12.25","118533","-1.33","3117","-0.02","1379","-0.01","6.18","6.18","0.01","6.37","6.37","-0.06","2025-01-04 00:00:00","2025-01-04 00:00:00"
"2024-12-31 00:00:00","12.25","12.25","120125","-0.13","3117","0.03","1380","0.03","6.16","0.16","0.13","6.32","0.16","0.18","2025-01-03 00:00:00","2025-01-03 00:00:00"
"2024-12-27 00:00:00","12.25","12.25","120283","0.01","3116","0.11","1380","0.03","6.18","0.16","0.00","6.43","0.16","0.02","2024-12-31 00:00:00","2024-12-31 00:00:00"
"2024-12-23 00:00:00","12.25","12.25","120767","-1.09","3021","2.51","1380","1.40","6.17","6.17","-0.32","6.42","6.42","-0.31","2024-12-25 00:00:00","2024-12-25 00:00:00"
"2024-12-20 00:00:00","12.25","12.25","120767","-1.09","3021","2.51","1340","2.50","6.20","6.20","0.10","6.45","6.45","0.07","2024-12-24 00:00:00","2024-12-24 00:00:00"
"2024-12-19 00:00:00","12.25","12.25","122102","0.75","2947","2.37","1307","2.35","6.09","6.09","0.02","6.35","6.35","0.06","2024-12-21 00:00:00","2024-12-21 00:00:00"
"2024-12-16 00:00:00","12.25","12.25","124698","0.92","2924","-1.13","1277","-0.33","6.11","6.11","0.04","6.41","6.41","0.15","2024-12-18 00:00:00","2024-12-18 00:00:00"
"2024-12-13 00:00:00","12.25","12.25","123560","-0.84","2957","-0.58","1312","-0.54","6.15","6.15","0.03","6.46","6.46","0.19","2024-12-17 00:00:00","2024-12-17 00:00:00"
"2024-12-12 00:00:00","12.25","12.25","124612","-1.13","2975","0.94","1320","1.03","6.04","6.04","-0.06","6.35","6.35","-0.05","2024-12-14 00:00:00","2024-12-14 00:00:00"
"2024-12-10 00:00:00","11.25","11.25","126042","-2.74","2947","0.00","1306","0.05","6.00","6.00","0.03","6.28","6.28","0.11","2024-12-13 00:00:00","2024-12-13 00:00:00"
"2024-12-09 00:00:00","11.25","11.25","129593","1.06","2947","-0.61","1306","-0.58","5.95","5.95","-0.02","6.25","6.25","0.04","2024-12-12 00:00:00","2024-12-12 00:00:00"
"2024-12-06 00:00:00","11.25","11.25","127210","1.00","2999","-0.63","1313","-1.10","6.08","6.08","-0.09","6.42","6.42","0.01","2024-12-10 00:00:00","2024-12-10 00:00:00"
"2024-12-05 00:00:00","11.25","11.25","126002","-1.45","3018","1.77","1336","2.02","6.09","6.09","0.01","6.43","6.44","-0.08","2024-12-07 00:00:00","2024-12-09 00:00:00"
"2024-12-04 00:00:00","11.25","11.25","127858","1.40","2965","-1.92","1309","-2.06","6.01","6.01","-0.01","6.37","6.37","0.07","2024-12-06 00:00:00","2024-12-09 00:00:00"
"2024-12-03 00:00:00","11.25","11.25","126087","-0.04","3023","-1.58","1337","-1.59","6.04","6.04","0.03","6.35","6.35","0.02","2024-12-05 00:00:00","2024-12-09 00:00:00"
"2024-12-02 00:00:00","11.25","11.25","126139","0.72","3072","-1.01","1358","-1.00","6.04","6.04","0.00","6.35","6.35","0.00","2024-12-04 00:00:00","2024-12-09 00:00:00"
"2024-11-29 00:00:00","11.25","11.25","125236","-0.34","3103","-1.08","1372","-1.05","6.06","6.06","-0.13","6.36","6.36","-0.18","2024-12-03 00:00:00","2024-12-09 00:00:00"
"2024-11-28 00:00:00","11.25","11.25","125668","0.85","3137","-0.04","1387","-0.03","5.97","5.97","0.00","6.32","6.32","0.00","2024-11-30 00:00:00","2024-12-09 00:00:00"
"2024-11-27 00:00:00","11.25","11.25","124610","-2.40","3139","-1.03","1387","-1.06","6.02","6.02","-0.05","6.35","6.35","-0.06","2024-11-29 00:00:00","2024-12-09 00:00:00"
"2024-11-21 00:00:00","11.25","11.25","129922","0.69","3184","0.09","1402","-0.46","5.81","5.81","0.01","6.09","6.09","-0.06","2024-11-23 00:00:00","2024-11-27 00:00:00"
"2024-11-19 00:00:00","11.25","11.25","126922","-0.99","3162","-0.03","1398","-0.05","5.82","5.82","0.00","6.09","6.09","0.00","2024-11-22 00:00:00","2024-11-27 00:00:00"
"2024-11-18 00:00:00","11.25","11.25","128197","0.34","3163","0.18","1399","0.17","5.77","5.77","0.01","6.09","6.09","0.02","2024-11-20 00:00:00","2024-11-27 00:00:00"
"2024-11-14 00:00:00","11.25","11.25","127768","-0.02","3157","0.19","1397","0.21","5.75","5.75","0.01","6.09","6.09","0.10","2024-11-19 00:00:00","2024-11-27 00:00:00"
"2024-11-13 00:00:00","11.25","11.25","127792","0.05","3151","0.15","1394","0.17","5.80","5.80","0.03","6.11","6.11","0.17","2024-11-15 00:00:00","2024-11-27 00:00:00"
"2024-11-12 00:00:00","11.25","11.25","127734","0.03","3147","-0.26","1391","-0.25","5.81","5.81","0.06","6.14","6.14","0.06","2024-11-13 00:00:00","2024-11-27 00:00:00"
"2024-11-11 00:00:00","11.25","11.25","127698","-0.14","3155","-0.42","1395","-0.44","5.75","5.75","-0.03","6.11","6.11","-0.06","2024-11-13 00:00:00","2024-11-27 00:00:00"
"2024-11-08 00:00:00","11.25","11.25","127874","0.03","3168","-0.87","1401","-0.95","5.76","5.76","0.00","6.14","6.14","0.01","2024-11-12 00:00:00","2024-11-27 00:00:00"
"2024-11-07 00:00:00","11.25","11.25","127830","-1.43","3196","0.37","1415","0.42","5.74","5.74","0.03","6.15","6.15","0.05","2024-11-09 00:00:00","2024-11-27 00:00:00"
"2024-11-06 00:00:00","10.75","10.75","129682","-0.51","3184","0.14","1409","0.12","5.69","5.69","-0.02","6.15","6.15","0.00","2024-11-08 00:00:00","2024-11-27 00:00:00"
"2024-11-05 00:00:00","10.75","10.75","130341","-0.24","3180","-0.24","1407","-0.26","5.68","5.68","-0.03","6.09","6.09","0.00","2024-11-07 00:00:00","2024-11-27 00:00:00"
"2024-11-04 00:00:00","10.75","10.75","130661","0.11","3188","0.02","1410","0.06","5.75","5.75","-0.02","6.27","6.27","-0.26","2024-11-06 00:00:00","2024-11-27 00:00:00"
"2024-11-01 00:00:00","10.75","10.75","130515","1.87","3187","-0.35","1410","-0.37","5.79","5.79","0.07","6.30","6.30","0.06","2024-11-05 00:00:00","2024-11-27 00:00:00"
"2024-10-31 00:00:00","10.75","10.75","128121","-1.23","3198","-0.20","1415","-0.14","5.87","5.87","0.02","6.36","6.39","0.00","2024-11-02 00:00:00","2024-11-27 00:00:00"
"2024-10-30 00:00:00","10.75","10.75","129713","-0.71","3205","-0.06","1417","-0.14","5.79","5.79","-0.02","6.30","6.31","0.00","2024-11-01 00:00:00","2024-11-27 00:00:00"
"2024-10-29 00:00:00","10.75","10.75","130639","-0.07","3207","0.31","1419","0.39","5.77","5.77","0.04","6.26","6.26","0.00","2024-10-31 00:00:00","2024-11-27 00:00:00"
"2024-10-28 00:00:00","10.75","10.75","130730","-0.37","3197","0.23","1413","0.16","5.76","5.76","-0.04","6.23","6.23","0.00","2024-10-30 00:00:00","2024-11-27 00:00:00"
"2024-10-24 00:00:00","10.75","10.75","131213","1.02","3190","0.26","1411","0.31","5.71","5.71","0.02","6.17","6.18","0.00","2024-10-26 00:00:00","2024-11-27 00:00:00"
"2024-10-23 00:00:00","10.75","10.75","130067","0.65","3169","-0.32","1401","-0.36","5.67","5.67","0.02","6.13","6.13","0.00","2024-10-25 00:00:00","2024-11-27 00:00:00"
"2024-10-22 00:00:00","10.75","10.75","129233","-0.55","3179","-0.89","1406","-0.90","5.69","5.69","-0.08","6.15","6.14","-0.70","2024-10-23 00:00:00","2024-11-27 00:00:00"
"2024-10-21 00:00:00","10.75","10.75","130499","-0.22","3236","0.18","1418","-0.33","5.69","5.69","0.00","6.19","6.19","0.00","2024-10-23 00:00:00","2024-11-27 00:00:00"
"2024-10-18 00:00:00","10.75","10.75","130499","-0.22","3236","0.18","1423","-0.57","5.69","5.69","0.00","6.19","6.19","0.00","2024-10-22 00:00:00","2024-11-27 00:00:00"
"2024-10-17 00:00:00","10.75","10.75","130499","-0.22","3236","0.18","1431","0.19","5.69","5.69","0.00","6.19","6.19","0.00","2024-10-18 00:00:00","2024-11-27 00:00:00"
"2024-10-16 00:00:00","10.75","10.75","130793","-0.73","3230","-0.10","1428","-0.07","5.65","5.65","-0.02","6.13","6.12","0.00","2024-10-18 00:00:00","2024-11-27 00:00:00"
"2024-10-15 00:00:00","10.75","10.75","131750","0.54","3234","0.00","1428","-0.07","5.67","5.67","0.08","6.15","6.16","0.00","2024-10-17 00:00:00","2024-11-27 00:00:00"
"2024-10-14 00:00:00","10.75","10.75","131043","0.03","3234","0.17","1429","0.02","5.65","5.65","-0.02","6.16","6.16","0.00","2024-10-16 00:00:00","2024-11-27 00:00:00"
"2024-10-11 00:00:00","10.75","10.75","131005","0.78","3228","0.36","1429","0.21","5.60","5.60","0.04","6.11","6.11","0.05","2024-10-15 00:00:00","2024-11-27 00:00:00"
"2024-10-10 00:00:00","10.75","10.75","129992","-0.28","3217","0.22","1426","0.33","5.61","5.61","0.00","6.14","6.14","0.00","2024-10-11 00:00:00","2024-11-27 00:00:00"
"2024-10-09 00:00:00","10.75","10.75","130353","0.30","3210","-0.69","1418","-0.69","5.58","5.58","0.00","6.10","6.10","-0.02","2024-10-11 00:00:00","2024-11-27 00:00:00"
"2024-10-08 00:00:00","10.75","10.75","129962","-1.18","3232","-0.76","1428","-0.79","5.60","5.60","-0.02","6.12","6.12","-0.01","2024-10-10 00:00:00","2024-11-27 00:00:00"
"2024-10-07 00:00:00","10.75","10.75","131512","-0.38","3257","-0.57","1440","-0.55","5.54","5.54","0.00","6.08","6.08","0.01","2024-10-09 00:00:00","2024-11-27 00:00:00"
"2024-10-04 00:00:00","10.75","10.75","132018","0.17","3276","-0.02","1448","0.00","5.50","5.50","0.05","6.03","6.04","0.08","2024-10-08 00:00:00","2024-11-27 00:00:00"
"2024-10-02 00:00:00","10.75","10.75","131792","0.09","3276","0.14","1448","0.17","5.46","5.46","0.00","5.99","5.99","-0.01","2024-10-04 00:00:00","2024-11-27 00:00:00"
"2024-10-01 00:00:00","10.75","10.75","133515","0.77","3279","0.02","1448","0.04","5.44","5.44","-0.01","6.01","6.01","-0.04","2024-10-03 00:00:00","2024-11-27 00:00:00"
"2024-09-30 00:00:00","10.75","10.75","132495","0.51","3278","-0.84","1447","-0.77","5.43","5.43","-0.10","6.01","6.01","-0.10","2024-10-02 00:00:00","2024-11-27 00:00:00"
"2024-09-27 00:00:00","10.75","10.75","131816","-0.69","3306","-0.10","1459","-0.15","5.45","5.45","0.01","6.07","6.07","0.08","2024-10-01 00:00:00","2024-11-27 00:00:00"
"2024-09-26 00:00:00","10.75","10.75","132730","-0.21","3309","0.46","1461","0.46","5.43","5.43","0.00","6.07","6.07","0.00","2024-09-28 00:00:00","2024-11-27 00:00:00"
"2024-09-24 00:00:00","10.75","10.75","131586","-0.43","3294","-0.30","1454","-0.29","5.48","5.48","0.01","6.09","6.09","0.01","2024-09-26 00:00:00","2024-11-27 00:00:00"
"2024-09-23 00:00:00","10.75","10.75","132156","1.22","3304","-0.25","1458","-0.27","5.45","5.45","-0.04","6.10","6.10","0.03","2024-09-25 00:00:00","2024-11-27 00:00:00"
"2024-09-20 00:00:00","10.75","10.75","130568","-0.38","3312","-0.65","1462","-0.66","5.54","5.54","-0.02","6.15","6.15","-0.05","2024-09-24 00:00:00","2024-11-27 00:00:00"
"2024-09-19 00:00:00","10.75","10.75","131065","-1.55","3334","-0.21","1471","-0.21","5.51","5.51","0.00","6.16","6.16","0.00","2024-09-21 00:00:00","2024-11-27 00:00:00"
"2024-09-18 00:00:00","10.50","10.50","133123","-0.47","3341","-0.28","1474","-0.29","5.43","5.43","-0.02","6.05","6.06","-0.03","2024-09-20 00:00:00","2024-11-27 00:00:00"
"2024-09-16 00:00:00","10.50","10.50","133748","-0.90","3350","-0.10","1479","-0.10","5.46","5.46","-0.03","6.08","6.08","0.01","2024-09-19 00:00:00","2024-11-27 00:00:00"
"2024-09-12 00:00:00","10.50","10.50","134960","-0.12","3354","-0.21","1480","-0.23","5.48","5.48","0.06","6.10","6.10","0.09","2024-09-13 00:00:00","2024-11-27 00:00:00"
"2024-09-11 00:00:00","10.50","10.50","134029","-0.48","3358","-0.26","1487","-0.14","5.63","5.63","-0.68","6.23","6.23","0.11","2024-09-12 00:00:00","2024-11-27 00:00:00"
"2024-09-10 00:00:00","10.50","10.50","134677","0.27","3367","-0.14","1487","-0.14","5.67","5.67","0.06","6.22","6.22","0.00","2024-09-12 00:00:00","2024-11-27 00:00:00"
"2024-09-09 00:00:00","10.50","10.50","134320","-0.31","3372","-0.31","1489","-0.33","5.66","5.66","0.01","6.23","6.24","0.00","2024-09-11 00:00:00","2024-11-27 00:00:00"
"2024-09-06 00:00:00","10.50","10.50","134737","0.12","3382","-0.13","1494","-0.13","5.59","5.59","0.04","6.18","6.17","0.00","2024-09-10 00:00:00","2024-11-27 00:00:00"
"2024-09-05 00:00:00","10.50","10.50","134572","-1.41","3387","0.12","1496","0.15","5.60","5.60","0.00","6.20","6.21","0.00","2024-09-06 00:00:00","2024-11-27 00:00:00"
"2024-09-03 00:00:00","10.50","10.50","136111","1.31","3385","0.05","1494","-0.18","5.64","5.64","-0.07","6.24","6.26","0.08","2024-09-04 00:00:00","2024-11-27 00:00:00"
"2024-09-02 00:00:00","10.50","10.50","134353","-0.41","3384","-0.17","1494","-0.18","5.65","5.65","0.03","6.23","6.24","0.00","2024-09-04 00:00:00","2024-11-27 00:00:00"
"2024-08-30 00:00:00","10.50","10.50","134906","-0.81","3389","-0.12","1496","-0.15","5.62","5.62","0.01","6.22","6.22","0.00","2024-09-03 00:00:00","2024-11-27 00:00:00"
"2024-08-29 00:00:00","10.50","10.50","136004","-0.03","3394","0.23","1499","0.19","5.61","5.61","0.00","6.23","6.21","0.00","2024-08-31 00:00:00","2024-11-27 00:00:00"
"2024-08-28 00:00:00","10.50","10.50","136041","-0.95","3386","0.12","1496","0.12","5.63","5.63","-0.04","6.23","6.24","0.00","2024-08-30 00:00:00","2024-11-27 00:00:00"
"2024-08-27 00:00:00","10.50","10.50","137344","0.42","3382","-0.07","1494","-0.07","5.56","5.56","-0.02","6.19","6.19","0.00","2024-08-29 00:00:00","2024-11-27 00:00:00"
"2024-08-26 00:00:00","10.50","10.50","136776","-0.08","3384","-0.09","1495","-0.10","5.51","5.51","0.02","6.16","6.16","0.01","2024-08-28 00:00:00","2024-11-27 00:00:00"
"2024-08-23 00:00:00","10.50","10.50","136889","0.94","3387","-0.05","1497","-0.06","5.50","5.50","-0.01","6.14","6.14","0.01","2024-08-27 00:00:00","2024-11-27 00:00:00"
"2024-08-22 00:00:00","10.50","10.50","135608","0.32","3388","0.29","1497","0.30","5.49","5.49","0.00","6.15","6.15","0.00","2024-08-24 00:00:00","2024-11-27 00:00:00"
"2024-08-21 00:00:00","10.50","10.50","135173","-0.95","3379","-0.09","1493","-0.10","5.59","5.59","0.07","6.22","6.22","0.09","2024-08-23 00:00:00","2024-11-27 00:00:00"
"2024-08-20 00:00:00","10.50","10.50","136464","0.28","3382","-0.02","1494","-0.03","5.48","5.48","-0.02","6.12","6.12","0.01","2024-08-22 00:00:00","2024-11-27 00:00:00"
"2024-08-19 00:00:00","10.50","10.50","136087","0.23","3383","0.01","1495","0.02","5.48","5.48","-0.05","6.10","6.10","-0.06","2024-08-21 00:00:00","2024-11-27 00:00:00"
"2024-08-16 00:00:00","10.50","10.50","135778","1.36","3382","-0.10","1495","-0.12","5.41","5.41","-0.05","5.99","6.00","-0.06","2024-08-20 00:00:00","2024-11-27 00:00:00"
"2024-08-15 00:00:00","10.50","10.50","133953","-0.15","3385","0.34","1496","0.33","5.47","5.47","0.00","6.04","6.04","0.00","2024-08-17 00:00:00","2024-11-27 00:00:00"
"2024-08-14 00:00:00","10.50","10.50","134153","0.63","3374","0.32","1492","0.34","5.49","5.49","0.06","6.02","6.02","0.04","2024-08-16 00:00:00","2024-11-27 00:00:00"
"2024-08-13 00:00:00","10.50","10.50","133318","0.69","3363","0.24","1486","0.25","5.47","5.47","-0.05","6.03","6.03","-0.05","2024-08-15 00:00:00","2024-11-27 00:00:00"
"2024-08-12 00:00:00","10.50","10.50","132398","0.98","3355","0.09","1483","0.09","5.46","5.46","0.06","6.00","6.00","0.10","2024-08-14 00:00:00","2024-11-27 00:00:00"
"2024-08-09 00:00:00","10.50","10.50","131116","0.38","3352","0.07","1481","0.05","5.49","5.49","-0.08","6.01","6.01","-0.08","2024-08-13 00:00:00","2024-11-27 00:00:00"
"2024-08-08 00:00:00","10.50","10.50","130615","1.52","3350","0.15","1481","0.17","5.51","5.51","0.00","6.02","6.01","0.00","2024-08-09 00:00:00","2024-11-27 00:00:00"
"2024-08-07 00:00:00","10.50","10.50","128661","0.90","3345","-0.13","1478","-0.15","5.55","5.55","-0.01","6.06","6.06","-0.03","2024-08-09 00:00:00","2024-11-27 00:00:00"
"2024-08-06 00:00:00","10.50","10.50","127514","0.99","3349","0.06","1480","0.07","5.64","5.64","0.01","6.16","6.16","0.07","2024-08-08 00:00:00","2024-11-27 00:00:00"
"2024-08-05 00:00:00","10.50","10.50","126267","0.80","3347","-0.16","1479","-0.17","5.66","5.66","-0.02","6.18","6.18","-0.04","2024-08-07 00:00:00","2024-11-27 00:00:00"
"2024-08-02 00:00:00","10.50","10.50","125270","-0.46","3353","-0.48","1482","-0.49","5.72","5.72","0.01","6.27","6.27","0.05","2024-08-06 00:00:00","2024-11-27 00:00:00"
"2024-08-01 00:00:00","10.50","10.50","125854","-1.21","3369","0.10","1489","0.16","5.73","5.73","0.00","6.26","6.26","-0.01","2024-08-02 00:00:00","2024-11-27 00:00:00"
"2024-07-31 00:00:00","10.50","10.50","127395","-0.20","3366","0.02","1487","0.01","5.75","5.75","0.01","6.21","6.21","-0.02","2024-08-02 00:00:00","2024-11-27 00:00:00"
"2024-07-30 00:00:00","10.50","10.50","127652","1.20","3365","0.19","1486","0.19","5.66","5.66","0.01","6.12","6.12","-0.02","2024-08-01 00:00:00","2024-11-27 00:00:00"
"2024-07-29 00:00:00","10.50","10.50","126139","-0.64","3358","0.15","1486","0.19","5.61","5.61","0.01","6.07","6.07","-0.01","2024-07-30 00:00:00","2024-11-27 00:00:00"
"2024-07-26 00:00:00","10.50","10.50","126954","-0.42","3353","-0.67","0","0.00","5.62","5.62","0.00","6.08","6.08","-0.01","2024-07-30 00:00:00","2024-11-27 00:00:00"
"2024-07-25 00:00:00","10.50","10.50","127492","1.22","3376","0.03","0","0.00","5.66","5.66","0.00","6.15","6.15","0.00","2024-07-27 00:00:00","2024-11-27 00:00:00"
"2024-07-24 00:00:00","10.50","10.50","125954","-0.37","3375","-0.19","0","0.00","5.64","5.64","-0.21","6.12","6.12","-0.15","2024-07-25 00:00:00","2024-11-27 00:00:00"
"2024-07-23 00:00:00","10.50","10.50","126423","-0.13","3382","-0.14","0","0.00","5.66","5.66","1.18","6.13","6.13","1.02","2024-07-25 00:00:00","2024-11-27 00:00:00"
"2024-07-22 00:00:00","10.50","10.50","126590","-0.99","3386","-0.14","0","0.00","5.59","5.59","-0.03","6.06","6.06","-0.08","2024-07-24 00:00:00","2024-11-27 00:00:00"
"2024-07-19 00:00:00","10.50","10.50","127860","0.19","3391","-0.02","0","0.00","5.57","5.57","-0.50","6.07","6.07","-0.51","2024-07-22 00:00:00","2024-11-27 00:00:00"
"2024-07-18 00:00:00","10.50","10.50","127616","-0.03","3392","0.27","0","0.00","5.60","5.60","0.00","6.10","6.10","0.00","2024-07-19 00:00:00","2024-11-27 00:00:00"
"2024-07-16 00:00:00","10.50","10.50","127652","-1.39","3383","-0.16","0","0.00","5.55","5.55","-0.08","6.04","6.04","-0.08","2024-07-19 00:00:00","2024-11-27 00:00:00"
"2024-07-12 00:00:00","10.50","10.50","129450","0.26","3388","0.15","0","0.00","5.49","5.49","1.08","6.00","6.00","1.46","2024-07-15 00:00:00","2024-11-27 00:00:00"
"2024-07-11 00:00:00","10.50","10.50","128897","0.47","3370","0.58","0","0.00","5.43","5.43","0.00","5.93","5.93","0.00","2024-07-12 00:00:00","2024-11-27 00:00:00"
"2024-07-10 00:00:00","10.50","10.50","128294","0.85","3351","0.05","0","0.00","5.44","5.44","0.42","5.91","5.91","0.77","2024-07-11 00:00:00","2024-11-27 00:00:00"
"2024-07-09 00:00:00","10.50","10.50","127218","0.09","3349","0.00","0","0.00","5.42","5.42","-0.01","5.87","5.87","0.04","2024-07-11 00:00:00","2024-11-27 00:00:00"
"2024-07-08 00:00:00","10.50","10.50","127108","0.44","3349","0.05","0","0.00","5.42","5.42","-0.05","5.86","5.86","-0.04","2024-07-10 00:00:00","2024-11-27 00:00:00"
"2024-07-05 00:00:00","10.50","10.50","126548","0.22","3347","0.17","0","0.00","5.47","5.47","0.05","5.92","5.92","0.03","2024-07-09 00:00:00","2024-11-27 00:00:00"
"2024-07-04 00:00:00","10.50","10.50","126267","0.08","3342","0.54","0","0.00","5.46","5.46","0.00","5.92","5.93","0.00","2024-07-06 00:00:00","2024-11-27 00:00:00"
"2024-07-03 00:00:00","10.50","10.50","126164","0.40","3324","0.63","0","0.00","5.49","5.49","-1.20","5.93","5.93","-0.99","2024-07-04 00:00:00","2024-11-27 00:00:00"
"2024-07-02 00:00:00","10.50","10.50","125662","0.70","3303","-0.08","0","0.00","5.56","5.56","0.04","6.00","6.00","0.06","2024-07-04 00:00:00","2024-11-27 00:00:00"
"2024-07-01 00:00:00","10.50","10.50","124787","0.06","3306","-0.40","0","0.00","5.68","5.68","0.36","6.10","6.10","0.46","2024-07-02 00:00:00","2024-11-27 00:00:00"
"2024-06-28 00:00:00","10.50","10.50","124718","0.65","3319","-0.85","0","0.00","5.66","5.66","-0.01","6.07","6.07","-0.02","2024-07-02 00:00:00","2024-11-27 00:00:00"
"2024-06-27 00:00:00","10.50","10.50","123907","-0.32","3347","0.58","0","0.00","5.59","5.59","0.00","6.00","6.00","0.00","2024-06-29 00:00:00","2024-11-27 00:00:00"
"2024-06-26 00:00:00","10.50","10.50","124308","1.36","3328","0.52","0","0.00","5.50","5.50","0.00","5.89","5.89","-0.01","2024-06-28 00:00:00","2024-11-27 00:00:00"
"2024-06-25 00:00:00","10.50","10.50","122641","0.00","3311","0.00","0","0.00","0.00","0.00","0.00","0.00","0.00","0.00","2024-06-26 00:00:00","2024-06-26 00:00:00"
"2024-06-24 00:00:00","10.50","10.50","122331","0.00","3301","0.00","0","0.00","0.00","0.00","0.00","0.00","0.00","0.00","2024-06-26 00:00:00","2024-06-26 00:00:00"
"2024-06-21 00:00:00","10.50","10.50","122637","0.00","3296","0.00","0","0.00","0.00","0.00","0.00","0.00","0.00","0.00","2024-06-25 00:00:00","2024-06-25 00:00:00"
"2024-06-20 00:00:00","10.50","10.50","121341","0.00","3299","0.00","0","0.00","0.00","0.00","0.00","0.00","0.00","0.00","2024-06-21 00:00:00","2024-06-21 00:00:00"
"2024-06-19 00:00:00","10.50","10.50","120433","0.00","3298","0.00","0","0.00","0.00","0.00","0.00","0.00","0.00","0.00","2024-06-20 00:00:00","2024-06-20 00:00:00"
"2024-06-17 00:00:00","10.50","10.50","119630","0.00","3301","0.00","0","0.00","0.00","0.00","0.00","0.00","0.00","0.00","2024-06-19 00:00:00","2024-06-19 00:00:00"
"2024-06-14 00:00:00","10.50","10.50","119138","0.00","3306","0.00","0","0.00","0.00","0.00","0.00","0.00","0.00","0.00","2024-06-17 00:00:00","2024-06-17 00:00:00"
"2024-06-13 00:00:00","10.50","10.50","119662","0.00","3313","0.00","0","0.00","0.00","0.00","0.00","0.00","0.00","0.00","2024-06-15 00:00:00","2024-06-15 00:00:00"
"2024-06-12 00:00:00","10.50","10.50","119568","0.00","3296","0.00","0","0.00","0.00","0.00","0.00","0.00","0.00","0.00","2024-06-13 00:00:00","2024-06-13 00:00:00"
"2024-06-11 00:00:00","10.50","10.50","119936","0.00","3320","0.00","0","0.00","0.00","0.00","0.00","0.00","0.00","0.00","2024-06-12 00:00:00","2024-06-12 00:00:00"
"2024-06-07 00:00:00","10.50","10.50","120760","0.00","3345","0.00","0","0.00","0.00","0.00","0.00","0.00","0.00","0.00","2024-06-10 00:00:00","2024-06-10 00:00:00"
"2024-06-06 00:00:00","10.50","10.50","120767","0.00","3359","0.00","0","0.00","0.00","0.00","0.00","0.00","0.00","0.00","2024-06-07 00:00:00","2024-06-07 00:00:00"
"2024-06-05 00:00:00","10.50","10.50","122899","0.00","3359","0.00","0","0.00","0.00","0.00","0.00","0.00","0.00","0.00","2024-06-07 00:00:00","2024-06-07 00:00:00"
"2024-06-04 00:00:00","10.50","10.50","121407","0.00","3356","0.00","0","0.00","0.00","0.00","0.00","0.00","0.00","0.00","2024-06-06 00:00:00","2024-06-06 00:00:00"
"2024-06-03 00:00:00","10.50","10.50","121802","0.00","3364","0.00","0","0.00","0.00","0.00","0.00","0.00","0.00","0.00","2024-06-04 00:00:00","2024-06-04 00:00:00"
"2024-05-31 00:00:00","10.50","10.50","122032","0.00","3372","0.00","0","0.00","0.00","0.00","0.00","0.00","0.00","0.00","2024-06-03 00:00:00","2024-06-03 00:00:00"
"2024-05-29 00:00:00","10.50","10.50","122098","0.00","3382","0.00","0","0.00","0.00","0.00","0.00","0.00","0.00","0.00","2024-05-31 00:00:00","2024-05-31 00:00:00"
"2024-05-28 00:00:00","10.50","10.50","122707","0.00","3371","0.00","0","0.00","0.00","0.00","0.00","0.00","0.00","0.00","2024-05-29 00:00:00","2024-05-29 00:00:00"
"2024-05-24 00:00:00","10.50","10.50","124496","0.00","3375","0.00","0","0.00","0.00","0.00","0.00","0.00","0.00","0.00","2024-05-27 00:00:00","2024-05-28 00:00:00"
"2024-05-23 00:00:00","10.50","10.50","124394","0.00","3378","0.00","0","0.00","0.00","0.00","0.00","0.00","0.00","0.00","2024-05-25 00:00:00","2024-05-27 00:00:00"
"2024-05-22 00:00:00","10.50","10.50","124729","0.00","3375","0.00","0","0.00","0.00","0.00","0.00","0.00","0.00","0.00","2024-05-25 00:00:00","2024-05-27 00:00:00"
"2024-05-21 00:00:00","10.50","10.50","125650","0.00","3384","0.00","0","0.00","0.00","0.00","0.00","0.00","0.00","0.00","2024-05-25 00:00:00","2024-05-27 00:00:00"
"2024-05-20 00:00:00","10.50","10.50","127412","0.00","3387","0.00","0","0.00","0.00","0.00","0.00","0.00","0.00","0.00","2024-05-25 00:00:00","2024-05-27 00:00:00"
"2024-05-17 00:00:00","10.50","10.50","127751","0.00","3391","0.00","0","0.00","0.00","0.00","0.00","0.00","0.00","0.00","2024-05-25 00:00:00","2024-05-27 00:00:00"
"2024-05-16 00:00:00","10.50","10.50","128151","0.00","3392","0.00","0","0.00","0.00","0.00","0.00","0.00","0.00","0.00","2024-05-25 00:00:00","2024-05-27 00:00:00"
"2024-05-14 00:00:00","10.50","10.50","128284","0.00","3380","0.00","0","0.00","0.00","0.00","0.00","0.00","0.00","0.00","2024-05-25 00:00:00","2024-05-27 00:00:00"
"2024-05-13 00:00:00","10.50","10.50","128515","0.00","3368","0.00","0","0.00","0.00","0.00","0.00","0.00","0.00","0.00","2024-05-25 00:00:00","2024-05-27 00:00:00"
"2024-05-10 00:00:00","10.50","10.50","128155","0.00","3377","0.00","0","0.00","0.00","0.00","0.00","0.00","0.00","0.00","2024-05-25 00:00:00","2024-05-27 00:00:00"
"2024-05-09 00:00:00","10.50","10.50","127600","0.00","3398","0.00","0","0.00","0.00","0.00","0.00","0.00","0.00","0.00","2024-05-25 00:00:00","2024-05-27 00:00:00"
"2024-05-08 00:00:00","10.75","10.75","128188","0.00","3389","0.00","0","0.00","0.00","0.00","0.00","0.00","0.00","0.00","2024-05-25 00:00:00","2024-05-27 00:00:00"
"2024-05-07 00:00:00","10.75","10.75","129481","0.00","3398","0.00","0","0.00","0.00","0.00","0.00","0.00","0.00","0.00","2024-05-25 00:00:00","2024-05-27 00:00:00"
"2024-05-06 00:00:00","10.75","10.75","129210","0.00","3395","0.00","0","0.00","0.00","0.00","0.00","0.00","0.00","0.00","2024-05-25 00:00:00","2024-05-27 00:00:00"
"2024-05-03 00:00:00","10.75","10.75","128466","0.00","3393","0.00","0","0.00","0.00","0.00","0.00","0.00","0.00","0.00","2024-05-25 00:00:00","2024-05-27 00:00:00"
"2024-05-02 00:00:00","10.75","10.75","128509","0.00","3392","0.00","0","0.00","0.00","0.00","0.00","0.00","0.00","0.00","2024-05-25 00:00:00","2024-05-27 00:00:00"
"2024-04-30 00:00:00","10.75","10.75","127122","0.00","3376","0.00","0","0.00","0.00","0.00","0.00","0.00","0.00","0.00","2024-05-25 00:00:00","2024-05-27 00:00:00"
"2024-04-29 00:00:00","10.75","10.75","125924","0.00","3382","0.00","0","0.00","0.00","0.00","0.00","0.00","0.00","0.00","2024-05-25 00:00:00","2024-05-27 00:00:00"
"2024-04-26 00:00:00","10.75","10.75","127352","0.00","3375","0.00","0","0.00","0.00","0.00","0.00","0.00","0.00","0.00","2024-05-25 00:00:00","2024-05-27 00:00:00"
"2024-04-25 00:00:00","10.75","10.75","126526","0.00","3367","0.00","0","0.00","0.00","0.00","0.00","0.00","0.00","0.00","2024-05-25 00:00:00","2024-05-27 00:00:00"
"2024-04-24 00:00:00","10.75","10.75","124646","0.00","3361","0.00","0","0.00","0.00","0.00","0.00","0.00","0.00","0.00","2024-05-25 00:00:00","2024-05-27 00:00:00"
"2024-04-23 00:00:00","10.75","10.75","124741","0.00","3365","0.00","0","0.00","0.00","0.00","0.00","0.00","0.00","0.00","2024-05-25 00:00:00","2024-05-27 00:00:00"
"2024-04-22 00:00:00","10.75","10.75","125148","0.00","3373","0.00","0","0.00","0.00","0.00","0.00","0.00","0.00","0.00","2024-05-25 00:00:00","2024-05-27 00:00:00"
"2024-04-19 00:00:00","10.75","10.75","125573","0.00","3380","0.00","0","0.00","0.00","0.00","0.00","0.00","0.00","0.00","2024-05-25 00:00:00","2024-05-27 00:00:00"
"2024-04-18 00:00:00","10.75","10.75","125124","0.00","3391","0.00","0","0.00","0.00","0.00","0.00","0.00","0.00","0.00","2024-05-25 00:00:00","2024-05-27 00:00:00"
"2024-04-17 00:00:00","10.75","10.75","124196","0.00","3387","0.00","0","0.00","0.00","0.00","0.00","0.00","0.00","0.00","2024-05-25 00:00:00","2024-05-27 00:00:00"
"2024-04-16 00:00:00","10.75","10.75","124171","0.00","3391","0.00","0","0.00","0.00","0.00","0.00","0.00","0.00","0.00","2024-05-25 00:00:00","2024-05-27 00:00:00"
"2024-04-15 00:00:00","10.75","10.75","124389","0.00","3403","0.00","0","0.00","0.00","0.00","0.00","0.00","0.00","0.00","2024-05-25 00:00:00","2024-05-27 00:00:00"
"2024-04-12 00:00:00","10.75","10.75","125334","0.00","3413","0.00","0","0.00","0.00","0.00","0.00","0.00","0.00","0.00","2024-05-25 00:00:00","2024-05-27 00:00:00"
"2024-04-11 00:00:00","10.75","10.75","125946","0.00","3424","0.00","0","0.00","0.00","0.00","0.00","0.00","0.00","0.00","2024-05-25 00:00:00","2024-05-27 00:00:00"
"2024-04-10 00:00:00","10.75","10.75","127396","0.00","3418","0.00","0","0.00","0.00","0.00","0.00","0.00","0.00","0.00","2024-05-25 00:00:00","2024-05-27 00:00:00"
"2024-04-09 00:00:00","10.75","10.75","128054","0.00","3418","0.00","0","0.00","0.00","0.00","0.00","0.00","0.00","0.00","2024-05-25 00:00:00","2024-05-27 00:00:00"
"2024-04-08 00:00:00","10.75","10.75","129890","0.00","3421","0.00","0","0.00","0.00","0.00","0.00","0.00","0.00","0.00","2024-05-25 00:00:00","2024-05-27 00:00:00"
"2024-04-05 00:00:00","10.75","10.75","128857","0.00","3422","0.00","0","0.00","0.00","0.00","0.00","0.00","0.00","0.00","2024-05-25 00:00:00","2024-05-27 00:00:00"
"2024-04-04 00:00:00","10.75","10.75","126795","0.00","3422","0.00","0","0.00","0.00","0.00","0.00","0.00","0.00","0.00","2024-05-25 00:00:00","2024-05-27 00:00:00"
"2024-04-03 00:00:00","10.75","10.75","127428","0.00","3414","0.00","0","0.00","0.00","0.00","0.00","0.00","0.00","0.00","2024-05-25 00:00:00","2024-05-27 00:00:00"
"2024-04-02 00:00:00","10.75","10.75","127318","0.00","3412","0.00","0","0.00","0.00","0.00","0.00","0.00","0.00","0.00","2024-05-25 00:00:00","2024-05-27 00:00:00"
"2024-04-01 00:00:00","10.75","10.75","127549","0.00","3407","0.00","0","0.00","0.00","0.00","0.00","0.00","0.00","0.00","2024-05-25 00:00:00","2024-05-27 00:00:00"
"2024-03-28 00:00:00","10.75","10.75","127286","0.00","3403","0.00","0","0.00","0.00","0.00","0.00","0.00","0.00","0.00","2024-05-25 00:00:00","2024-05-27 00:00:00"
"2024-03-27 00:00:00","10.75","10.75","128106","0.00","3408","0.00","0","0.00","0.00","0.00","0.00","0.00","0.00","0.00","2024-05-25 00:00:00","2024-05-27 00:00:00"
"2024-03-26 00:00:00","10.75","10.75","127691","0.00","3395","0.00","0","0.00","0.00","0.00","0.00","0.00","0.00","0.00","2024-05-25 00:00:00","2024-05-27 00:00:00"
"2024-03-25 00:00:00","10.75","10.75","126863","0.00","3392","0.00","0","0.00","0.00","0.00","0.00","0.00","0.00","0.00","2024-05-25 00:00:00","2024-05-27 00:00:00"
"2024-03-22 00:00:00","10.75","10.75","126851","0.00","3393","0.00","0","0.00","0.00","0.00","0.00","0.00","0.00","0.00","2024-05-25 00:00:00","2024-05-27 00:00:00"
"2024-03-20 00:00:00","11.25","11.25","128159","0.00","3381","0.00","0","0.00","0.00","0.00","0.00","0.00","0.00","0.00","2024-05-25 00:00:00","2024-05-27 00:00:00"
"2024-03-19 00:00:00","11.25","11.25","129125","0.00","3378","0.00","0","0.00","0.00","0.00","0.00","0.00","0.00","0.00","2024-05-25 00:00:00","2024-05-27 00:00:00"
"2024-03-15 00:00:00","11.25","11.25","126954","0.00","3374","0.00","0","0.00","0.00","0.00","0.00","0.00","0.00","0.00","2024-05-25 00:00:00","2024-05-27 00:00:00"
"2024-03-14 00:00:00","11.25","11.25","126742","0.00","3367","0.00","0","0.00","0.00","0.00","0.00","0.00","0.00","0.00","2024-05-25 00:00:00","2024-05-27 00:00:00"
"2024-03-13 00:00:00","11.25","11.25","127690","0.00","3366","0.00","0","0.00","0.00","0.00","0.00","0.00","0.00","0.00","2024-05-25 00:00:00","2024-05-27 00:00:00"
"2024-03-12 00:00:00","11.25","11.25","128006","0.00","3367","0.00","0","0.00","0.00","0.00","0.00","0.00","0.00","0.00","2024-05-25 00:00:00","2024-05-27 00:00:00"
"2024-03-11 00:00:00","11.25","11.25","127668","0.00","3369","0.00","0","0.00","0.00","0.00","0.00","0.00","0.00","0.00","2024-05-25 00:00:00","2024-05-27 00:00:00"
"2024-03-08 00:00:00","11.25","11.25","126124","0.00","3374","0.00","0","0.00","0.00","0.00","0.00","0.00","0.00","0.00","2024-05-25 00:00:00","2024-05-27 00:00:00"
"2024-03-07 00:00:00","11.25","11.25","127071","0.00","3382","0.00","0","0.00","0.00","0.00","0.00","0.00","0.00","0.00","2024-05-25 00:00:00","2024-05-27 00:00:00"
"2024-03-06 00:00:00","11.25","11.25","128314","0.00","3369","0.00","0","0.00","0.00","0.00","0.00","0.00","0.00","0.00","2024-05-25 00:00:00","2024-05-27 00:00:00"
"2024-03-05 00:00:00","11.25","11.25","128890","0.00","3365","0.00","0","0.00","0.00","0.00","0.00","0.00","0.00","0.00","2024-05-25 00:00:00","2024-05-27 00:00:00"
"2024-03-04 00:00:00","11.25","11.25","128498","0.00","3368","0.00","0","0.00","0.00","0.00","0.00","0.00","0.00","0.00","2024-05-25 00:00:00","2024-05-27 00:00:00"
"2024-03-01 00:00:00","11.25","11.25","128442","0.00","3365","0.00","0","0.00","0.00","0.00","0.00","0.00","0.00","0.00","2024-05-25 00:00:00","2024-05-27 00:00:00"
"2024-02-29 00:00:00","11.25","11.25","129547","0.00","3363","0.00","0","0.00","0.00","0.00","0.00","0.00","0.00","0.00","2024-05-25 00:00:00","2024-05-27 00:00:00"
"2024-02-28 00:00:00","11.25","11.25","129138","0.00","3357","0.00","0","0.00","0.00","0.00","0.00","0.00","0.00","0.00","2024-05-25 00:00:00","2024-05-27 00:00:00"
"2024-02-27 00:00:00","11.25","11.25","130656","0.00","3346","0.00","0","0.00","0.00","0.00","0.00","0.00","0.00","0.00","2024-05-25 00:00:00","2024-05-27 00:00:00"
"2024-02-26 00:00:00","11.25","11.25","129706","0.00","3352","0.00","0","0.00","0.00","0.00","0.00","0.00","0.00","0.00","2024-05-25 00:00:00","2024-05-27 00:00:00"
"2024-02-23 00:00:00","11.25","11.25","129442","0.00","3363","0.00","0","0.00","0.00","0.00","0.00","0.00","0.00","0.00","2024-05-25 00:00:00","2024-05-27 00:00:00"
"2024-02-22 00:00:00","11.25","11.25","130168","0.00","3355","0.00","0","0.00","0.00","0.00","0.00","0.00","0.00","0.00","2024-05-25 00:00:00","2024-05-27 00:00:00"
"2024-02-21 00:00:00","11.25","11.25","129942","0.00","3357","0.00","0","0.00","0.00","0.00","0.00","0.00","0.00","0.00","2024-05-25 00:00:00","2024-05-27 00:00:00"
"2024-02-20 00:00:00","11.25","11.25","129816","0.00","3358","0.00","0","0.00","0.00","0.00","0.00","0.00","0.00","0.00","2024-05-25 00:00:00","2024-05-27 00:00:00"
"2024-02-19 00:00:00","11.25","11.25","128903","0.00","3358","0.00","0","0.00","0.00","0.00","0.00","0.00","0.00","0.00","2024-05-25 00:00:00","2024-05-27 00:00:00"
"2024-02-16 00:00:00","11.25","11.25","128766","0.00","3357","0.00","0","0.00","0.00","0.00","0.00","0.00","0.00","0.00","2024-05-25 00:00:00","2024-05-27 00:00:00"
"2024-02-15 00:00:00","11.25","11.25","127773","0.00","3350","0.00","0","0.00","0.00","0.00","0.00","0.00","0.00","0.00","2024-05-25 00:00:00","2024-05-27 00:00:00"
"2024-02-14 00:00:00","11.25","11.25","126820","0.00","3343","0.00","0","0.00","0.00","0.00","0.00","0.00","0.00","0.00","2024-05-25 00:00:00","2024-05-27 00:00:00"
"2024-02-09 00:00:00","11.25","11.25","128025","0.00","3352","0.00","0","0.00","0.00","0.00","0.00","0.00","0.00","0.00","2024-05-25 00:00:00","2024-05-27 00:00:00"
"2024-02-08 00:00:00","11.25","11.25","128143","0.00","3341","0.00","0","0.00","0.00","0.00","0.00","0.00","0.00","0.00","2024-05-25 00:00:00","2024-05-27 00:00:00"
"2024-02-07 00:00:00","11.25","11.25","129958","0.00","3341","0.00","0","0.00","0.00","0.00","0.00","0.00","0.00","0.00","2024-05-25 00:00:00","2024-05-27 00:00:00"
"2024-02-06 00:00:00","11.25","11.25","130380","0.00","3333","0.00","0","0.00","0.00","0.00","0.00","0.00","0.00","0.00","2024-05-25 00:00:00","2024-05-27 00:00:00"
"2024-02-05 00:00:00","11.25","11.25","127651","0.00","3328","0.00","0","0.00","0.00","0.00","0.00","0.00","0.00","0.00","2024-05-25 00:00:00","2024-05-27 00:00:00"
"2024-02-02 00:00:00","11.25","11.25","127410","0.00","3332","0.00","0","0.00","0.00","0.00","0.00","0.00","0.00","0.00","2024-05-25 00:00:00","2024-05-27 00:00:00"
"2024-02-01 00:00:00","11.25","11.25","128333","0.00","3322","0.00","0","0.00","0.00","0.00","0.00","0.00","0.00","0.00","2024-05-25 00:00:00","2024-05-27 00:00:00"
"2024-01-31 00:00:00","11.75","11.75","128097","0.00","3334","0.00","0","0.00","0.00","0.00","0.00","0.00","0.00","0.00","2024-05-25 00:00:00","2024-05-27 00:00:00"
"2024-01-30 00:00:00","11.75","11.75","127526","0.00","3327","0.00","0","0.00","0.00","0.00","0.00","0.00","0.00","0.00","2024-05-25 00:00:00","2024-05-27 00:00:00"
"2024-01-29 00:00:00","11.75","11.75","128573","0.00","3330","0.00","0","0.00","0.00","0.00","0.00","0.00","0.00","0.00","2024-05-25 00:00:00","2024-05-27 00:00:00"
"2024-01-26 00:00:00","11.75","11.75","129009","0.00","3332","0.00","0","0.00","0.00","0.00","0.00","0.00","0.00","0.00","2024-05-25 00:00:00","2024-05-27 00:00:00"
"2024-01-25 00:00:00","11.75","11.75","128094","0.00","3326","0.00","0","0.00","0.00","0.00","0.00","0.00","0.00","0.00","2024-05-25 00:00:00","2024-05-27 00:00:00"
"2024-01-24 00:00:00","11.75","11.75","127775","0.00","3325","0.00","0","0.00","0.00","0.00","0.00","0.00","0.00","0.00","2024-05-25 00:00:00","2024-05-27 00:00:00"
"2024-01-23 00:00:00","11.75","11.75","128230","0.00","3328","0.00","0","0.00","0.00","0.00","0.00","0.00","0.00","0.00","2024-05-25 00:00:00","2024-05-27 00:00:00"
"2024-01-22 00:00:00","11.75","11.75","126586","0.00","3335","0.00","0","0.00","0.00","0.00","0.00","0.00","0.00","0.00","2024-05-25 00:00:00","2024-05-27 00:00:00"
"2024-01-19 00:00:00","11.75","11.75","127638","0.00","3340","0.00","0","0.00","0.00","0.00","0.00","0.00","0.00","0.00","2024-05-25 00:00:00","2024-05-27 00:00:00"
"2024-01-18 00:00:00","11.75","11.75","127530","0.00","3329","0.00","0","0.00","0.00","0.00","0.00","0.00","0.00","0.00","2024-05-25 00:00:00","2024-05-27 00:00:00"
"2024-01-17 00:00:00","11.75","11.75","128578","0.00","3334","0.00","0","0.00","0.00","0.00","0.00","0.00","0.00","0.00","2024-05-25 00:00:00","2024-05-27 00:00:00"
"2024-01-16 00:00:00","11.75","11.75","129464","0.00","3334","0.00","0","0.00","0.00","0.00","0.00","0.00","0.00","0.00","2024-05-25 00:00:00","2024-05-27 00:00:00"
"2024-01-15 00:00:00","11.75","11.75","131545","0.00","3333","0.00","0","0.00","0.00","0.00","0.00","0.00","0.00","0.00","2024-05-25 00:00:00","2024-05-27 00:00:00"
"2024-01-12 00:00:00","11.75","11.75","131075","0.00","3329","0.00","0","0.00","0.00","0.00","0.00","0.00","0.00","0.00","2024-05-25 00:00:00","2024-05-27 00:00:00"
"2024-01-11 00:00:00","11.75","11.75","130733","0.00","3318","0.00","0","0.00","0.00","0.00","0.00","0.00","0.00","0.00","2024-05-25 00:00:00","2024-05-27 00:00:00"
"2024-01-10 00:00:00","11.75","11.75","130804","0.00","3325","0.00","0","0.00","0.00","0.00","0.00","0.00","0.00","0.00","2024-05-25 00:00:00","2024-05-27 00:00:00"
"2024-01-09 00:00:00","11.75","11.75","131472","0.00","3325","0.00","0","0.00","0.00","0.00","0.00","0.00","0.00","0.00","2024-05-25 00:00:00","2024-05-27 00:00:00"
"2024-01-08 00:00:00","11.75","11.75","132460","0.00","3327","0.00","0","0.00","0.00","0.00","0.00","0.00","0.00","0.00","2024-05-25 00:00:00","2024-05-27 00:00:00"
"2024-01-05 00:00:00","11.75","11.75","131970","0.00","3324","0.00","0","0.00","0.00","0.00","0.00","0.00","0.00","0.00","2024-05-25 00:00:00","2024-05-27 00:00:00"
"2024-01-04 00:00:00","11.75","11.75","131200","0.00","3321","0.00","0","0.00","0.00","0.00","0.00","0.00","0.00","0.00","2024-05-25 00:00:00","2024-05-27 00:00:00"
"2024-01-03 00:00:00","11.75","11.75","133014","0.00","3325","0.00","0","0.00","0.00","0.00","0.00","0.00","0.00","0.00","2024-05-25 00:00:00","2024-05-27 00:00:00"
"2024-01-02 00:00:00","11.75","11.75","132632","0.00","3315","0.00","0","0.00","0.00","0.00","0.00","0.00","0.00","0.00","2024-05-25 00:00:00","2024-05-27 00:00:00"
"2023-12-29 00:00:00","11.75","11.75","134185","0.00","3311","0.00","0","0.00","0.00","0.00","0.00","0.00","0.00","0.00","2024-05-25 00:00:00","2024-05-27 00:00:00"
"2023-12-28 00:00:00","11.75","11.75","134209","0.00","3311","0.00","0","0.00","0.00","0.00","0.00","0.00","0.00","0.00","2024-05-25 00:00:00","2024-05-27 00:00:00"
"2023-12-27 00:00:00","11.75","11.75","134114","0.00","3299","0.00","0","0.00","0.00","0.00","0.00","0.00","0.00","0.00","2024-05-25 00:00:00","2024-05-27 00:00:00"
"2023-12-26 00:00:00","11.75","11.75","133582","0.00","3284","0.00","0","0.00","0.00","0.00","0.00","0.00","0.00","0.00","2024-05-25 00:00:00","2024-05-27 00:00:00"
"2023-12-22 00:00:00","11.75","11.75","132547","0.00","3259","0.00","0","0.00","0.00","0.00","0.00","0.00","0.00","0.00","2024-05-25 00:00:00","2024-05-27 00:00:00"
"2023-12-21 00:00:00","11.75","11.75","131994","0.00","3233","0.00","0","0.00","0.00","0.00","0.00","0.00","0.00","0.00","2024-05-25 00:00:00","2024-05-27 00:00:00"
"2023-12-20 00:00:00","11.75","11.75","131072","0.00","3214","0.00","0","0.00","0.00","0.00","0.00","0.00","0.00","0.00","2024-05-25 00:00:00","2024-05-27 00:00:00"
"2023-12-19 00:00:00","11.75","11.75","131848","0.00","3207","0.00","0","0.00","0.00","0.00","0.00","0.00","0.00","0.00","2024-05-25 00:00:00","2024-05-27 00:00:00"
"2023-12-18 00:00:00","11.75","11.75","131219","0.00","3198","0.00","0","0.00","0.00","0.00","0.00","0.00","0.00","0.00","2024-05-25 00:00:00","2024-05-27 00:00:00"
"2023-12-15 00:00:00","11.75","11.75","130028","0.00","3192","0.00","0","0.00","0.00","0.00","0.00","0.00","0.00","0.00","2024-05-25 00:00:00","2024-05-27 00:00:00"
"2023-12-14 00:00:00","11.75","11.75","130807","0.00","3184","0.00","0","0.00","0.00","0.00","0.00","0.00","0.00","0.00","2024-05-25 00:00:00","2024-05-27 00:00:00"
"2023-12-13 00:00:00","12.25","12.25","129411","0.00","3176","0.00","0","0.00","0.00","0.00","0.00","0.00","0.00","0.00","2024-05-25 00:00:00","2024-05-27 00:00:00"
"2023-12-12 00:00:00","12.25","12.25","126370","0.00","3171","0.00","0","0.00","0.00","0.00","0.00","0.00","0.00","0.00","2024-05-25 00:00:00","2024-05-27 00:00:00"
"2023-12-11 00:00:00","12.25","12.25","126947","0.00","3181","0.00","0","0.00","0.00","0.00","0.00","0.00","0.00","0.00","2024-05-25 00:00:00","2024-05-27 00:00:00"
"2023-12-08 00:00:00","12.25","12.25","127183","0.00","3187","0.00","0","0.00","0.00","0.00","0.00","0.00","0.00","0.00","2024-05-25 00:00:00","2024-05-27 00:00:00"
"2023-12-07 00:00:00","12.25","12.25","125803","0.00","3181","0.00","0","0.00","0.00","0.00","0.00","0.00","0.00","0.00","2024-05-25 00:00:00","2024-05-27 00:00:00"
"2023-12-06 00:00:00","12.25","12.25","125702","0.00","3190","0.00","0","0.00","0.00","0.00","0.00","0.00","0.00","0.00","2024-05-25 00:00:00","2024-05-27 00:00:00"
"2023-12-05 00:00:00","12.25","12.25","126960","0.00","3191","0.00","0","0.00","0.00","0.00","0.00","0.00","0.00","0.00","2024-05-25 00:00:00","2024-05-27 00:00:00"
"2023-12-04 00:00:00","12.25","12.25","126811","0.00","3187","0.00","0","0.00","0.00","0.00","0.00","0.00","0.00","0.00","2024-05-25 00:00:00","2024-05-27 00:00:00"
"2023-12-01 00:00:00","12.25","12.25","127995","0.00","3176","0.00","0","0.00","0.00","0.00","0.00","0.00","0.00","0.00","2024-05-25 00:00:00","2024-05-27 00:00:00"
"2023-11-30 00:00:00","12.25","12.25","127264","0.00","3178","0.00","0","0.00","0.00","0.00","0.00","0.00","0.00","0.00","2024-05-25 00:00:00","2024-05-27 00:00:00"
"2023-11-29 00:00:00","12.25","12.25","126109","0.00","3164","0.00","0","0.00","0.00","0.00","0.00","0.00","0.00","0.00","2024-05-25 00:00:00","2024-05-27 00:00:00"
"2023-11-28 00:00:00","12.25","12.25","126609","0.00","3167","0.00","0","0.00","0.00","0.00","0.00","0.00","0.00","0.00","2024-05-25 00:00:00","2024-05-27 00:00:00"
"2023-11-27 00:00:00","12.25","12.25","125606","0.00","3160","0.00","0","0.00","0.00","0.00","0.00","0.00","0.00","0.00","2024-05-25 00:00:00","2024-05-27 00:00:00"
"2023-11-24 00:00:00","12.25","12.25","125444","0.00","3175","0.00","0","0.00","0.00","0.00","0.00","0.00","0.00","0.00","2024-05-25 00:00:00","2024-05-27 00:00:00"
"2023-11-23 00:00:00","12.25","12.25","126626","0.00","3179","0.00","0","0.00","0.00","0.00","0.00","0.00","0.00","0.00","2024-05-25 00:00:00","2024-05-27 00:00:00"
"2023-11-22 00:00:00","12.25","12.25","125799","0.00","3181","0.00","0","0.00","0.00","0.00","0.00","0.00","0.00","0.00","2024-05-25 00:00:00","2024-05-27 00:00:00"
"2023-11-21 00:00:00","12.25","12.25","125681","0.00","3192","0.00","0","0.00","0.00","0.00","0.00","0.00","0.00","0.00","2024-05-25 00:00:00","2024-05-27 00:00:00"
"2023-11-20 00:00:00","12.25","12.25","125896","0.00","3197","0.00","0","0.00","0.00","0.00","0.00","0.00","0.00","0.00","2024-05-25 00:00:00","2024-05-27 00:00:00"
"2023-11-17 00:00:00","12.25","12.25","124855","0.00","3197","0.00","0","0.00","0.00","0.00","0.00","0.00","0.00","0.00","2024-05-25 00:00:00","2024-05-27 00:00:00"
"2023-11-16 00:00:00","12.25","12.25","124701","0.00","3191","0.00","0","0.00","0.00","0.00","0.00","0.00","0.00","0.00","2024-05-25 00:00:00","2024-05-27 00:00:00"
"2023-11-14 00:00:00","12.25","12.25","123197","0.00","3184","0.00","0","0.00","0.00","0.00","0.00","0.00","0.00","0.00","2024-05-25 00:00:00","2024-05-27 00:00:00"
"2023-11-13 00:00:00","12.25","12.25","120398","0.00","3181","0.00","0","0.00","0.00","0.00","0.00","0.00","0.00","0.00","2024-05-25 00:00:00","2024-05-27 00:00:00"
"2023-11-10 00:00:00","12.25","12.25","120629","0.00","3181","0.00","0","0.00","0.00","0.00","0.00","0.00","0.00","0.00","2024-05-25 00:00:00","2024-05-27 00:00:00"
"2023-11-09 00:00:00","12.25","12.25","119104","0.00","3178","0.00","0","0.00","0.00","0.00","0.00","0.00","0.00","0.00","2024-05-25 00:00:00","2024-05-27 00:00:00"
"2023-11-08 00:00:00","12.25","12.25","119115","0.00","3173","0.00","0","0.00","0.00","0.00","0.00","0.00","0.00","0.00","2024-05-25 00:00:00","2024-05-27 00:00:00"
"2023-11-07 00:00:00","12.25","12.25","119249","0.00","3171","0.00","0","0.00","0.00","0.00","0.00","0.00","0.00","0.00","2024-05-25 00:00:00","2024-05-27 00:00:00"
"2023-11-06 00:00:00","12.25","12.25","118498","0.00","3163","0.00","0","0.00","0.00","0.00","0.00","0.00","0.00","0.00","2024-05-25 00:00:00","2024-05-27 00:00:00"
"2023-11-03 00:00:00","12.25","12.25","118160","0.00","3160","0.00","0","0.00","0.00","0.00","0.00","0.00","0.00","0.00","2024-05-25 00:00:00","2024-05-27 00:00:00"
"2023-11-01 00:00:00","12.75","12.75","115053","0.00","3147","0.00","0","0.00","0.00","0.00","0.00","0.00","0.00","0.00","2024-05-25 00:00:00","2024-05-27 00:00:00"
"2023-10-31 00:00:00","12.75","12.75","113144","0.00","3156","0.00","0","0.00","0.00","0.00","0.00","0.00","0.00","0.00","2024-05-25 00:00:00","2024-05-27 00:00:00"
"2023-10-30 00:00:00","12.75","12.75","112532","0.00","3156","0.00","0","0.00","0.00","0.00","0.00","0.00","0.00","0.00","2024-05-25 00:00:00","2024-05-27 00:00:00"
"2023-10-27 00:00:00","12.75","12.75","113301","0.00","3156","0.00","0","0.00","0.00","0.00","0.00","0.00","0.00","0.00","2024-05-25 00:00:00","2024-05-27 00:00:00"
"2023-10-26 00:00:00","12.75","12.75","114777","0.00","3142","0.00","0","0.00","0.00","0.00","0.00","0.00","0.00","0.00","2024-05-25 00:00:00","2024-05-27 00:00:00"
"2023-10-25 00:00:00","12.75","12.75","112830","0.00","3150","0.00","0","0.00","0.00","0.00","0.00","0.00","0.00","0.00","2024-05-25 00:00:00","2024-05-27 00:00:00"
"2023-10-24 00:00:00","12.75","12.75","113762","0.00","3156","0.00","0","0.00","0.00","0.00","0.00","0.00","0.00","0.00","2024-05-25 00:00:00","2024-05-27 00:00:00"
"2023-10-23 00:00:00","12.75","12.75","112785","0.00","3172","0.00","0","0.00","0.00","0.00","0.00","0.00","0.00","0.00","2024-05-25 00:00:00","2024-05-27 00:00:00"
"2023-10-20 00:00:00","12.75","12.75","113155","0.00","3168","0.00","0","0.00","0.00","0.00","0.00","0.00","0.00","0.00","2024-05-25 00:00:00","2024-05-27 00:00:00"
"2023-10-19 00:00:00","12.75","12.75","114004","0.00","3164","0.00","0","0.00","0.00","0.00","0.00","0.00","0.00","0.00","2024-05-25 00:00:00","2024-05-27 00:00:00"
"2023-10-18 00:00:00","12.75","12.75","114060","0.00","3174","0.00","0","0.00","0.00","0.00","0.00","0.00","0.00","0.00","2024-05-25 00:00:00","2024-05-27 00:00:00"
"2023-10-17 00:00:00","12.75","12.75","115908","0.00","3183","0.00","0","0.00","0.00","0.00","0.00","0.00","0.00","0.00","2024-05-25 00:00:00","2024-05-27 00:00:00"
"2023-10-16 00:00:00","12.75","12.75","116534","0.00","3190","0.00","0","0.00","0.00","0.00","0.00","0.00","0.00","0.00","2024-05-25 00:00:00","2024-05-27 00:00:00"
"2023-10-13 00:00:00","12.75","12.75","115754","0.00","3192","0.00","0","0.00","0.00","0.00","0.00","0.00","0.00","0.00","2024-05-25 00:00:00","2024-05-27 00:00:00"
"2023-10-11 00:00:00","12.75","12.75","117051","0.00","3184","0.00","0","0.00","0.00","0.00","0.00","0.00","0.00","0.00","2024-05-25 00:00:00","2024-05-27 00:00:00"
"2023-10-10 00:00:00","12.75","12.75","116737","0.00","3180","0.00","0","0.00","0.00","0.00","0.00","0.00","0.00","0.00","2024-05-25 00:00:00","2024-05-27 00:00:00"
"2023-10-09 00:00:00","12.75","12.75","115156","0.00","3179","0.00","0","0.00","0.00","0.00","0.00","0.00","0.00","0.00","2024-05-25 00:00:00","2024-05-27 00:00:00"
"2023-10-06 00:00:00","12.75","12.75","114170","0.00","3183","0.00","0","0.00","0.00","0.00","0.00","0.00","0.00","0.00","2024-05-25 00:00:00","2024-05-27 00:00:00"
"2023-10-05 00:00:00","12.75","12.75","113284","0.00","3183","0.00","0","0.00","0.00","0.00","0.00","0.00","0.00","0.00","2024-05-25 00:00:00","2024-05-27 00:00:00"
"2023-10-04 00:00:00","12.75","12.75","113607","0.00","3185","0.00","0","0.00","0.00","0.00","0.00","0.00","0.00","0.00","2024-05-25 00:00:00","2024-05-27 00:00:00"
"2023-10-03 00:00:00","12.75","12.75","113419","0.00","3196","0.00","0","0.00","0.00","0.00","0.00","0.00","0.00","0.00","2024-05-25 00:00:00","2024-05-27 00:00:00"
"2023-10-02 00:00:00","12.75","12.75","115057","0.00","3197","0.00","0","0.00","0.00","0.00","0.00","0.00","0.00","0.00","2024-05-25 00:00:00","2024-05-27 00:00:00"
"2023-09-29 00:00:00","12.75","12.75","116565","0.00","3219","0.00","0","0.00","0.00","0.00","0.00","0.00","0.00","0.00","2024-05-25 00:00:00","2024-05-27 00:00:00"
"2023-09-28 00:00:00","12.75","12.75","115731","0.00","3193","0.00","0","0.00","0.00","0.00","0.00","0.00","0.00","0.00","2024-05-25 00:00:00","2024-05-27 00:00:00"
"2023-09-27 00:00:00","12.75","12.75","114327","0.00","3193","0.00","0","0.00","0.00","0.00","0.00","0.00","0.00","0.00","2024-05-25 00:00:00","2024-05-27 00:00:00"
"2023-09-26 00:00:00","12.75","12.75","114193","0.00","3199","0.00","0","0.00","0.00","0.00","0.00","0.00","0.00","0.00","2024-05-25 00:00:00","2024-05-27 00:00:00"
"2023-09-25 00:00:00","12.75","12.75","115925","0.00","3214","0.00","0","0.00","0.00","0.00","0.00","0.00","0.00","0.00","2024-05-25 00:00:00","2024-05-27 00:00:00"
"2023-09-22 00:00:00","12.75","12.75","116009","0.00","3226","0.00","0","0.00","0.00","0.00","0.00","0.00","0.00","0.00","2024-05-25 00:00:00","2024-05-27 00:00:00"
"2023-09-21 00:00:00","12.75","12.75","116145","0.00","3224","0.00","0","0.00","0.00","0.00","0.00","0.00","0.00","0.00","2024-05-25 00:00:00","2024-05-27 00:00:00"
"2023-09-20 00:00:00","13.25","13.25","118695","0.00","3225","0.00","0","0.00","0.00","0.00","0.00","0.00","0.00","0.00","2024-05-25 00:00:00","2024-05-27 00:00:00"
"2023-09-19 00:00:00","13.25","13.25","117846","0.00","3230","0.00","0","0.00","0.00","0.00","0.00","0.00","0.00","0.00","2024-05-25 00:00:00","2024-05-27 00:00:00"
"2023-09-18 00:00:00","13.25","13.25","118288","0.00","3233","0.00","0","0.00","0.00","0.00","0.00","0.00","0.00","0.00","2024-05-25 00:00:00","2024-05-27 00:00:00"
"2023-09-15 00:00:00","13.25","13.25","118758","0.00","3234","0.00","0","0.00","0.00","0.00","0.00","0.00","0.00","0.00","2024-05-25 00:00:00","2024-05-27 00:00:00"
"2023-09-14 00:00:00","13.25","13.25","119392","0.00","3216","0.00","0","0.00","0.00","0.00","0.00","0.00","0.00","0.00","2024-05-25 00:00:00","2024-05-27 00:00:00"
"2023-09-13 00:00:00","13.25","13.25","118176","0.00","3216","0.00","0","0.00","0.00","0.00","0.00","0.00","0.00","0.00","2024-05-25 00:00:00","2024-05-27 00:00:00"
"2023-09-12 00:00:00","13.25","13.25","116883","0.00","3227","0.00","0","0.00","0.00","0.00","0.00","0.00","0.00","0.00","2024-05-25 00:00:00","2024-05-27 00:00:00"
"2023-09-11 00:00:00","13.25","13.25","116883","0.00","3227","0.00","0","0.00","0.00","0.00","0.00","0.00","0.00","0.00","2024-05-25 00:00:00","2024-05-27 00:00:00"
"2023-09-08 00:00:00","13.25","13.25","115313","0.00","3240","0.00","0","0.00","0.00","0.00","0.00","0.00","0.00","0.00","2024-05-25 00:00:00","2024-05-27 00:00:00"
"2023-09-06 00:00:00","13.25","13.25","115985","0.00","3222","0.00","0","0.00","0.00","0.00","0.00","0.00","0.00","0.00","2024-05-25 00:00:00","2024-05-27 00:00:00"
"2023-09-05 00:00:00","13.25","13.25","117331","0.00","3216","0.00","0","0.00","0.00","0.00","0.00","0.00","0.00","0.00","2024-05-25 00:00:00","2024-05-27 00:00:00"
"2023-09-04 00:00:00","13.25","13.25","117777","0.00","3218","0.00","0","0.00","0.00","0.00","0.00","0.00","0.00","0.00","2024-05-25 00:00:00","2024-05-27 00:00:00"
"2023-09-01 00:00:00","13.25","13.25","117893","0.00","3217","0.00","0","0.00","0.00","0.00","0.00","0.00","0.00","0.00","2024-05-25 00:00:00","2024-05-27 00:00:00"
"2023-08-31 00:00:00","13.25","13.25","115742","0.00","3213","0.00","0","0.00","0.00","0.00","0.00","0.00","0.00","0.00","2024-05-25 00:00:00","2024-05-27 00:00:00"
"2023-08-30 00:00:00","13.25","13.25","117535","0.00","3208","0.00","0","0.00","0.00","0.00","0.00","0.00","0.00","0.00","2024-05-25 00:00:00","2024-05-27 00:00:00"
"2023-08-29 00:00:00","13.25","13.25","118404","0.00","3192","0.00","0","0.00","0.00","0.00","0.00","0.00","0.00","0.00","2024-05-25 00:00:00","2024-05-27 00:00:00"
"2023-08-28 00:00:00","13.25","13.25","117121","0.00","3189","0.00","0","0.00","0.00","0.00","0.00","0.00","0.00","0.00","2024-05-25 00:00:00","2024-05-27 00:00:00"
"2023-08-25 00:00:00","13.25","13.25","115837","0.00","3197","0.00","0","0.00","0.00","0.00","0.00","0.00","0.00","0.00","2024-05-25 00:00:00","2024-05-27 00:00:00"
"2023-08-24 00:00:00","13.25","13.25","117026","0.00","3190","0.00","0","0.00","0.00","0.00","0.00","0.00","0.00","0.00","2024-05-25 00:00:00","2024-05-27 00:00:00"
"2023-08-23 00:00:00","13.25","13.25","118135","0.00","3190","0.00","0","0.00","0.00","0.00","0.00","0.00","0.00","0.00","2024-05-25 00:00:00","2024-05-27 00:00:00"
"2023-08-22 00:00:00","13.25","13.25","116156","0.00","3195","0.00","0","0.00","0.00","0.00","0.00","0.00","0.00","0.00","2024-05-25 00:00:00","2024-05-27 00:00:00"
"2023-08-21 00:00:00","13.25","13.25","114429","0.00","3203","0.00","0","0.00","0.00","0.00","0.00","0.00","0.00","0.00","2024-05-25 00:00:00","2024-05-27 00:00:00"
"2023-08-18 00:00:00","13.25","13.25","115409","0.00","3210","0.00","0","0.00","0.00","0.00","0.00","0.00","0.00","0.00","2024-05-25 00:00:00","2024-05-27 00:00:00"
"2023-08-17 00:00:00","13.25","13.25","114982","0.00","3206","0.00","0","0.00","0.00","0.00","0.00","0.00","0.00","0.00","2024-05-25 00:00:00","2024-05-27 00:00:00"
"2023-08-16 00:00:00","13.25","13.25","115592","0.00","3212","0.00","0","0.00","0.00","0.00","0.00","0.00","0.00","0.00","2024-05-25 00:00:00","2024-05-27 00:00:00"
"2023-08-15 00:00:00","13.25","13.25","116171","0.00","3215","0.00","0","0.00","0.00","0.00","0.00","0.00","0.00","0.00","2024-05-25 00:00:00","2024-05-27 00:00:00"
"2023-08-14 00:00:00","13.25","13.25","116810","0.00","3215","0.00","0","0.00","0.00","0.00","0.00","0.00","0.00","0.00","2024-05-25 00:00:00","2024-05-27 00:00:00"
"2023-08-11 00:00:00","13.25","13.25","118065","0.00","3221","0.00","0","0.00","0.00","0.00","0.00","0.00","0.00","0.00","2024-05-25 00:00:00","2024-05-27 00:00:00"
"2023-08-10 00:00:00","13.25","13.25","118350","0.00","3213","0.00","0","0.00","0.00","0.00","0.00","0.00","0.00","0.00","2024-05-25 00:00:00","2024-05-27 00:00:00"
"2023-08-09 00:00:00","13.25","13.25","118409","0.00","3212","0.00","0","0.00","0.00","0.00","0.00","0.00","0.00","0.00","2024-05-25 00:00:00","2024-05-27 00:00:00"
"2023-08-08 00:00:00","13.25","13.25","119090","0.00","3217","0.00","0","0.00","0.00","0.00","0.00","0.00","0.00","0.00","2024-05-25 00:00:00","2024-05-27 00:00:00"
"2023-08-07 00:00:00","13.25","13.25","119380","0.00","3219","0.00","0","0.00","0.00","0.00","0.00","0.00","0.00","0.00","2024-05-25 00:00:00","2024-05-27 00:00:00"
"2023-08-04 00:00:00","13.25","13.25","119508","0.00","3217","0.00","0","0.00","0.00","0.00","0.00","0.00","0.00","0.00","2024-05-25 00:00:00","2024-05-27 00:00:00"
