"ticker","price_date","close_price","adj_close_price","open_price","daily_range_pct","max_price","min_price","created_at","updated_at"
"MMVE11","2025-10-15 00:00:00","147.00","147.00","147.00","0.00","147.00","147.00","2025-10-16 00:00:00","2025-10-16 00:00:00"
"RCRB11","2025-10-15 00:00:00","124.70","124.70","124.07","0.51","125.50","124.07","2025-10-16 00:00:00","2025-10-16 00:00:00"
"HSML11","2025-10-15 00:00:00","84.35","84.35","83.85","0.60","84.44","83.70","2025-10-16 00:00:00","2025-10-16 00:00:00"
"AFHI11","2025-10-15 00:00:00","93.99","93.99","93.54","0.48","94.07","93.39","2025-10-16 00:00:00","2025-10-16 00:00:00"
"INLG11","2025-10-15 00:00:00","74.58","74.58","74.31","0.36","74.58","74.31","2025-10-16 00:00:00","2025-10-16 00:00:00"
"ALZR11","2025-10-15 00:00:00","10.60","10.60","10.58","0.19","10.61","10.54","2025-10-16 00:00:00","2025-10-16 00:00:00"
"JFLL11","2025-10-15 00:00:00","69.00","69.00","68.06","1.38","69.00","68.06","2025-10-16 00:00:00","2025-10-16 00:00:00"
"VSLH11","2025-10-15 00:00:00","2.53","2.53","2.54","-0.39","2.55","2.52","2025-10-16 00:00:00","2025-10-16 00:00:00"
"GGRC11","2025-10-15 00:00:00","9.95","9.95","9.99","-0.40","9.99","9.94","2025-10-16 00:00:00","2025-10-16 00:00:00"
"DVFF11","2025-10-15 00:00:00","5.92","5.92","5.91","0.17","5.93","5.89","2025-10-16 00:00:00","2025-10-16 00:00:00"
"KFOF11","2025-10-15 00:00:00","79.06","79.06","79.04","0.03","79.35","78.81","2025-10-16 00:00:00","2025-10-16 00:00:00"
"ANCR11","2025-10-15 00:00:00","194.97","194.97","194.98","-0.01","194.98","194.97","2025-10-16 00:00:00","2025-10-16 00:00:00"
"MXRF11","2025-10-15 00:00:00","9.66","9.66","9.65","0.10","9.68","9.61","2025-10-16 00:00:00","2025-10-16 00:00:00"
"RENV11","2025-10-15 00:00:00","5.09","5.09","5.79","-12.09","5.79","5.09","2025-10-16 00:00:00","2025-10-16 00:00:00"
"RECM11","2025-10-15 00:00:00","8.42","8.42","8.49","-0.82","8.49","8.10","2025-10-16 00:00:00","2025-10-16 00:00:00"
"ALMI11","2025-10-15 00:00:00","605.00","605.00","605.00","0.00","605.00","605.00","2025-10-16 00:00:00","2025-10-16 00:00:00"
"RBHY11","2025-10-15 00:00:00","75.53","75.53","75.70","-0.22","75.70","75.38","2025-10-16 00:00:00","2025-10-16 00:00:00"
"BBIG11","2025-10-15 00:00:00","6.98","6.98","6.90","1.16","7.00","6.90","2025-10-16 00:00:00","2025-10-16 00:00:00"
"SNCI11","2025-10-15 00:00:00","83.45","83.45","83.35","0.12","83.65","83.18","2025-10-16 00:00:00","2025-10-16 00:00:00"
"PATA11","2025-10-15 00:00:00","9.07","9.07","9.98","-9.12","9.98","9.07","2025-10-16 00:00:00","2025-10-16 00:00:00"
"WPLZ11","2025-10-15 00:00:00","49.98","49.98","48.51","3.03","50.00","48.51","2025-10-16 00:00:00","2025-10-16 00:00:00"
"XPSF11","2025-10-15 00:00:00","6.25","6.25","6.19","0.97","6.29","6.18","2025-10-16 00:00:00","2025-10-16 00:00:00"
"HCHG11","2025-10-15 00:00:00","77.14","77.14","77.52","-0.49","77.96","76.75","2025-10-16 00:00:00","2025-10-16 00:00:00"
"ZAVC11","2025-10-15 00:00:00","9.81","9.81","9.93","-1.21","9.93","9.18","2025-10-16 00:00:00","2025-10-16 00:00:00"
"NSLU11","2025-10-15 00:00:00","200.69","200.69","200.01","0.34","200.69","196.58","2025-10-16 00:00:00","2025-10-16 00:00:00"
"BTLG11","2025-10-15 00:00:00","103.90","103.90","103.93","-0.03","104.19","103.74","2025-10-16 00:00:00","2025-10-16 00:00:00"
"PRSV11","2025-10-15 00:00:00","35.35","35.35","41.49","-14.80","41.49","35.35","2025-10-16 00:00:00","2025-10-16 00:00:00"
"URPR11","2025-10-15 00:00:00","34.99","34.99","34.50","1.42","35.00","34.50","2025-10-16 00:00:00","2025-10-16 00:00:00"
"HOFC11","2025-10-15 00:00:00","28.26","28.26","28.55","-1.02","28.55","28.22","2025-10-16 00:00:00","2025-10-16 00:00:00"
"RRCI11","2025-10-15 00:00:00","78.99","78.99","78.40","0.75","79.95","78.40","2025-10-16 00:00:00","2025-10-16 00:00:00"
"CARE11","2025-10-15 00:00:00","1.02","1.02","1.02","0.00","1.04","1.02","2025-10-16 00:00:00","2025-10-16 00:00:00"
"JPPA11","2025-10-15 00:00:00","78.83","78.83","79.19","-0.45","79.25","78.00","2025-10-16 00:00:00","2025-10-16 00:00:00"
"FLMA11","2025-10-15 00:00:00","145.21","145.21","144.47","0.51","145.60","143.46","2025-10-16 00:00:00","2025-10-16 00:00:00"
"BRIP11","2025-10-15 00:00:00","720.00","720.00","729.99","-1.37","729.99","720.00","2025-10-16 00:00:00","2025-10-16 00:00:00"
"BTCI11","2025-10-15 00:00:00","9.32","9.32","9.31","0.11","9.34","9.29","2025-10-16 00:00:00","2025-10-16 00:00:00"
"TORD11","2025-10-15 00:00:00","3.10","3.10","3.11","-0.32","3.11","3.10","2025-10-16 00:00:00","2025-10-16 00:00:00"
"BCIA11","2025-10-15 00:00:00","83.32","83.32","83.68","-0.43","83.68","82.51","2025-10-16 00:00:00","2025-10-16 00:00:00"
"BCRI11","2025-10-15 00:00:00","62.99","62.99","62.86","0.21","63.00","62.50","2025-10-16 00:00:00","2025-10-16 00:00:00"
"HABT11","2025-10-15 00:00:00","74.05","74.05","73.30","1.02","74.32","73.10","2025-10-16 00:00:00","2025-10-16 00:00:00"
"FVPQ11","2025-10-15 00:00:00","65.25","65.25","65.17","0.12","65.85","65.14","2025-10-16 00:00:00","2025-10-16 00:00:00"
"RZTR11","2025-10-15 00:00:00","92.05","92.05","92.05","0.00","92.11","91.91","2025-10-16 00:00:00","2025-10-16 00:00:00"
"SHPH11","2025-10-15 00:00:00","910.00","910.00","925.00","-1.62","925.00","891.00","2025-10-16 00:00:00","2025-10-16 00:00:00"
"PMLL11","2025-10-15 00:00:00","100.66","100.66","100.25","0.41","100.67","99.94","2025-10-16 00:00:00","2025-10-16 00:00:00"
"SNME11","2025-10-15 00:00:00","9.70","9.70","9.70","0.00","9.72","9.45","2025-10-16 00:00:00","2025-10-16 00:00:00"
"KNCR11","2025-10-15 00:00:00","104.35","104.35","104.47","-0.11","104.64","104.16","2025-10-16 00:00:00","2025-10-16 00:00:00"
"SARE11","2025-10-15 00:00:00","4.77","4.77","4.73","0.85","4.79","4.73","2025-10-16 00:00:00","2025-10-16 00:00:00"
"MGHT11","2025-10-15 00:00:00","16.00","16.00","16.16","-0.99","16.47","15.79","2025-10-16 00:00:00","2025-10-16 00:00:00"
"ARRI11","2025-10-15 00:00:00","6.60","6.60","6.58","0.30","6.61","6.56","2025-10-16 00:00:00","2025-10-16 00:00:00"
"ARXD11","2025-10-15 00:00:00","7.53","7.53","7.62","-1.18","7.62","7.52","2025-10-16 00:00:00","2025-10-16 00:00:00"
"AROA11","2025-10-15 00:00:00","1.01","1.01","1.01","0.00","1.03","1.00","2025-10-16 00:00:00","2025-10-16 00:00:00"
"CEOC11","2025-10-15 00:00:00","44.74","44.74","44.75","-0.02","44.75","44.26","2025-10-16 00:00:00","2025-10-16 00:00:00"
"GFDL11","2025-10-15 00:00:00","107.09","107.09","107.09","0.00","107.09","107.09","2025-10-16 00:00:00","2025-10-16 00:00:00"
"IRDM11","2025-10-15 00:00:00","59.25","59.25","58.31","1.61","59.25","58.15","2025-10-16 00:00:00","2025-10-16 00:00:00"
"KIVO11","2025-10-15 00:00:00","61.25","61.25","61.40","-0.24","61.55","61.00","2025-10-16 00:00:00","2025-10-16 00:00:00"
"BBRC11","2025-10-15 00:00:00","97.40","97.40","97.44","-0.04","98.50","97.03","2025-10-16 00:00:00","2025-10-16 00:00:00"
"VGHF11","2025-10-15 00:00:00","7.57","7.57","7.54","0.40","7.61","7.50","2025-10-16 00:00:00","2025-10-16 00:00:00"
"EGYR11","2025-10-15 00:00:00","3.03","3.03","3.08","-1.62","3.08","3.00","2025-10-16 00:00:00","2025-10-16 00:00:00"
"HUCG11","2025-10-15 00:00:00","87.48","87.48","87.00","0.55","87.48","86.50","2025-10-16 00:00:00","2025-10-16 00:00:00"
"RVBI11","2025-10-15 00:00:00","61.36","61.36","62.35","-1.59","62.70","61.36","2025-10-16 00:00:00","2025-10-16 00:00:00"
"EIRA11","2025-10-15 00:00:00","104.33","104.33","104.33","0.00","104.33","104.33","2025-10-16 00:00:00","2025-10-16 00:00:00"
"BIME11","2025-10-15 00:00:00","6.68","6.68","6.60","1.21","6.69","6.60","2025-10-16 00:00:00","2025-10-16 00:00:00"
"HAAA11","2025-10-15 00:00:00","50.00","50.00","48.04","4.08","50.00","48.04","2025-10-16 00:00:00","2025-10-16 00:00:00"
"HSLG11","2025-10-15 00:00:00","88.00","88.00","86.80","1.38","88.00","86.80","2025-10-16 00:00:00","2025-10-16 00:00:00"
"TELM11","2025-10-15 00:00:00","10.00","10.00","10.00","0.00","10.00","10.00","2025-10-16 00:00:00","2025-10-16 00:00:00"
"SNLG11","2025-10-15 00:00:00","1.60","1.60","1.69","-5.33","1.78","1.58","2025-10-16 00:00:00","2025-10-16 00:00:00"
"HGRE11","2025-10-15 00:00:00","116.80","116.80","116.99","-0.16","117.33","115.99","2025-10-16 00:00:00","2025-10-16 00:00:00"
"DAMA11","2025-10-15 00:00:00","7.07","7.07","7.41","-4.59","7.60","7.07","2025-10-16 00:00:00","2025-10-16 00:00:00"
"CXRI11","2025-10-15 00:00:00","61.73","61.73","64.96","-4.97","64.96","61.72","2025-10-16 00:00:00","2025-10-16 00:00:00"
"APTO11","2025-10-15 00:00:00","8.36","8.36","8.24","1.46","8.40","8.24","2025-10-16 00:00:00","2025-10-16 00:00:00"
"SNFF11","2025-10-15 00:00:00","72.13","72.13","71.50","0.88","72.15","71.44","2025-10-16 00:00:00","2025-10-16 00:00:00"
"VISC11","2025-10-15 00:00:00","109.27","109.27","107.69","1.47","109.44","107.60","2025-10-16 00:00:00","2025-10-16 00:00:00"
"EMET11","2025-10-15 00:00:00","10.50","10.50","10.50","0.00","10.50","10.50","2025-10-16 00:00:00","2025-10-16 00:00:00"
"SMRE11","2025-10-15 00:00:00","79.00","79.00","78.90","0.13","79.10","78.45","2025-10-16 00:00:00","2025-10-16 00:00:00"
"SPXS11","2025-10-15 00:00:00","8.43","8.43","8.42","0.12","8.43","8.38","2025-10-16 00:00:00","2025-10-16 00:00:00"
"DAMT11","2025-10-15 00:00:00","13.36","13.36","13.37","-0.07","13.37","13.36","2025-10-16 00:00:00","2025-10-16 00:00:00"
"VGRI11","2025-10-15 00:00:00","8.22","8.22","8.40","-2.14","8.40","8.22","2025-10-16 00:00:00","2025-10-16 00:00:00"
"ALZC11","2025-10-15 00:00:00","7.72","7.72","7.85","-1.66","7.85","7.71","2025-10-16 00:00:00","2025-10-16 00:00:00"
"IBBP11","2025-10-15 00:00:00","7.65","7.65","7.69","-0.52","7.80","7.31","2025-10-16 00:00:00","2025-10-16 00:00:00"
"VVCR11","2025-10-15 00:00:00","9.90","9.90","9.89","0.10","9.90","9.85","2025-10-16 00:00:00","2025-10-16 00:00:00"
"PATL11","2025-10-15 00:00:00","60.00","60.00","60.69","-1.14","61.33","60.00","2025-10-16 00:00:00","2025-10-16 00:00:00"
"RBRY11","2025-10-15 00:00:00","95.02","95.02","95.30","-0.29","95.30","94.81","2025-10-16 00:00:00","2025-10-16 00:00:00"
"RBLG11","2025-10-15 00:00:00","44.86","44.86","36.21","23.89","44.86","36.21","2025-10-16 00:00:00","2025-10-16 00:00:00"
"HGIC11","2025-10-15 00:00:00","68.30","68.30","69.09","-1.14","69.10","68.30","2025-10-16 00:00:00","2025-10-16 00:00:00"
"RBRI11","2025-10-15 00:00:00","944.99","944.99","944.99","0.00","944.99","944.99","2025-10-16 00:00:00","2025-10-16 00:00:00"
"ITIT11","2025-10-15 00:00:00","68.49","68.49","67.84","0.96","68.50","67.75","2025-10-16 00:00:00","2025-10-16 00:00:00"
"EXES11","2025-10-15 00:00:00","9.66","9.66","9.77","-1.13","9.77","9.65","2025-10-16 00:00:00","2025-10-16 00:00:00"
"AZPL11","2025-10-15 00:00:00","7.67","7.67","7.70","-0.39","7.70","7.63","2025-10-16 00:00:00","2025-10-16 00:00:00"
"NEWL11","2025-10-15 00:00:00","105.14","105.14","104.50","0.61","105.14","103.35","2025-10-16 00:00:00","2025-10-16 00:00:00"
"JSRE11","2025-10-15 00:00:00","61.88","61.88","61.62","0.42","61.90","61.20","2025-10-16 00:00:00","2025-10-16 00:00:00"
"BBFI11","2025-10-15 00:00:00","352.22","352.22","351.55","0.19","357.95","351.55","2025-10-16 00:00:00","2025-10-16 00:00:00"
"APXM11","2025-10-15 00:00:00","77.69","77.69","77.98","-0.37","77.98","73.60","2025-10-16 00:00:00","2025-10-16 00:00:00"
"FCFL11","2025-10-15 00:00:00","126.04","126.04","129.49","-2.66","129.49","126.02","2025-10-16 00:00:00","2025-10-16 00:00:00"
"VIUR11","2025-10-15 00:00:00","5.76","5.76","5.67","1.59","5.80","5.59","2025-10-16 00:00:00","2025-10-16 00:00:00"
"RBOP11","2025-10-15 00:00:00","198.01","198.01","200.00","-1.00","200.00","198.01","2025-10-16 00:00:00","2025-10-16 00:00:00"
"AIEC11","2025-10-15 00:00:00","51.79","51.79","51.80","-0.02","51.90","51.69","2025-10-16 00:00:00","2025-10-16 00:00:00"
"KNIP11","2025-10-15 00:00:00","89.00","89.00","88.16","0.95","89.10","88.12","2025-10-16 00:00:00","2025-10-16 00:00:00"
"GLOG11","2025-10-15 00:00:00","66.99","66.99","65.94","1.59","67.00","65.90","2025-10-16 00:00:00","2025-10-16 00:00:00"
"ATSA11","2025-10-15 00:00:00","50.81","50.81","50.81","0.00","50.81","50.81","2025-10-16 00:00:00","2025-10-16 00:00:00"
"GLCR11","2025-10-15 00:00:00","99.89","99.89","99.89","0.00","99.89","99.89","2025-10-16 00:00:00","2025-10-16 00:00:00"
"FMOF11","2025-10-15 00:00:00","75.50","75.50","75.54","-0.05","75.54","75.50","2025-10-16 00:00:00","2025-10-16 00:00:00"
"MAXR11","2025-10-15 00:00:00","64.20","64.20","64.06","0.22","64.50","64.05","2025-10-16 00:00:00","2025-10-16 00:00:00"
"KNHY11","2025-10-15 00:00:00","100.30","100.30","100.23","0.07","100.30","99.80","2025-10-16 00:00:00","2025-10-16 00:00:00"
"EDGA11","2025-10-15 00:00:00","14.75","14.75","15.00","-1.67","15.00","14.75","2025-10-16 00:00:00","2025-10-16 00:00:00"
"AJFI11","2025-10-15 00:00:00","7.63","7.63","7.62","0.13","7.63","7.62","2025-10-16 00:00:00","2025-10-16 00:00:00"
"PVBI11","2025-10-15 00:00:00","76.58","76.58","76.79","-0.27","76.82","76.50","2025-10-16 00:00:00","2025-10-16 00:00:00"
"VGIR11","2025-10-15 00:00:00","9.44","9.44","9.43","0.11","9.45","9.42","2025-10-16 00:00:00","2025-10-16 00:00:00"
"HGLG11","2025-10-15 00:00:00","160.50","160.50","160.00","0.31","160.65","159.82","2025-10-16 00:00:00","2025-10-16 00:00:00"
"ABCP11","2025-10-15 00:00:00","76.66","76.66","78.81","-2.73","78.81","76.66","2025-10-16 00:00:00","2025-10-16 00:00:00"
"BTHF11","2025-10-15 00:00:00","8.56","8.56","8.55","0.12","8.60","8.55","2025-10-16 00:00:00","2025-10-16 00:00:00"
"CNES11","2025-10-15 00:00:00","1.51","1.51","1.53","-1.31","1.55","1.51","2025-10-16 00:00:00","2025-10-16 00:00:00"
"CBOP11","2025-10-15 00:00:00","25.02","25.02","25.02","0.00","25.02","25.00","2025-10-16 00:00:00","2025-10-16 00:00:00"
"RECT11","2025-10-15 00:00:00","34.86","34.86","34.07","2.32","34.89","34.07","2025-10-16 00:00:00","2025-10-16 00:00:00"
"SNEL11","2025-10-15 00:00:00","8.58","8.48","8.58","0.00","8.58","8.54","2025-10-16 00:00:00","2025-10-16 00:00:00"
"XPCM11","2025-10-15 00:00:00","9.05","9.05","9.25","-2.16","9.89","9.05","2025-10-16 00:00:00","2025-10-16 00:00:00"
"GAME11","2025-10-15 00:00:00","8.43","8.43","8.40","0.36","8.43","8.37","2025-10-16 00:00:00","2025-10-16 00:00:00"
"OULG11","2025-10-15 00:00:00","35.49","35.49","37.00","-4.08","37.03","35.47","2025-10-16 00:00:00","2025-10-16 00:00:00"
"CPUR11","2025-10-15 00:00:00","10.56","10.56","10.39","1.64","10.56","10.18","2025-10-16 00:00:00","2025-10-16 00:00:00"
"PCIP11","2025-10-15 00:00:00","80.94","80.94","80.84","0.12","81.49","80.31","2025-10-16 00:00:00","2025-10-16 00:00:00"
"ITRI11","2025-10-15 00:00:00","78.60","78.60","77.94","0.85","79.10","77.86","2025-10-16 00:00:00","2025-10-16 00:00:00"
"RBRD11","2025-10-15 00:00:00","39.89","39.89","40.47","-1.43","40.47","39.82","2025-10-16 00:00:00","2025-10-16 00:00:00"
"KNRE11","2025-10-15 00:00:00","0.33","0.33","0.33","0.00","0.33","0.31","2025-10-16 00:00:00","2025-10-16 00:00:00"
"WHGR11","2025-10-15 00:00:00","8.91","8.91","9.00","-1.00","9.01","8.89","2025-10-16 00:00:00","2025-10-16 00:00:00"
"TMPS11","2025-10-15 00:00:00","78.60","78.60","79.00","-0.51","79.00","78.40","2025-10-16 00:00:00","2025-10-16 00:00:00"
"RBRX11","2025-10-15 00:00:00","7.75","7.75","7.75","0.00","7.76","7.69","2025-10-16 00:00:00","2025-10-16 00:00:00"
"BNFS11","2025-10-15 00:00:00","71.99","71.99","71.99","0.00","71.99","71.81","2025-10-16 00:00:00","2025-10-16 00:00:00"
"GARE11","2025-10-15 00:00:00","8.95","8.95","8.95","0.00","8.96","8.93","2025-10-16 00:00:00","2025-10-16 00:00:00"
"PQDP11","2025-10-15 00:00:00","2330.03","2330.03","2330.03","0.00","2330.06","2315.07","2025-10-16 00:00:00","2025-10-16 00:00:00"
"HUSC11","2025-10-15 00:00:00","93.49","93.49","93.48","0.01","93.49","93.48","2025-10-16 00:00:00","2025-10-16 00:00:00"
"RBRP11","2025-10-15 00:00:00","50.87","50.87","50.87","0.00","51.23","50.87","2025-10-16 00:00:00","2025-10-16 00:00:00"
"RZAT11","2025-10-15 00:00:00","88.90","88.90","89.02","-0.13","89.46","88.80","2025-10-16 00:00:00","2025-10-16 00:00:00"
"VGIP11","2025-10-15 00:00:00","78.58","78.58","78.47","0.14","78.94","78.04","2025-10-16 00:00:00","2025-10-16 00:00:00"
"TRXF11","2025-10-15 00:00:00","100.86","100.86","101.00","-0.14","101.09","100.78","2025-10-16 00:00:00","2025-10-16 00:00:00"
"PABY11","2025-10-15 00:00:00","9.97","9.97","9.97","0.00","9.97","9.97","2025-10-16 00:00:00","2025-10-16 00:00:00"
"CXCO11","2025-10-15 00:00:00","59.19","59.19","58.03","2.00","59.20","58.03","2025-10-16 00:00:00","2025-10-16 00:00:00"
"MCCI11","2025-10-15 00:00:00","88.10","88.10","88.28","-0.20","88.59","87.90","2025-10-16 00:00:00","2025-10-16 00:00:00"
"EQIR11","2025-10-15 00:00:00","7.86","7.86","7.89","-0.38","7.89","7.83","2025-10-16 00:00:00","2025-10-16 00:00:00"
"VINO11","2025-10-15 00:00:00","4.99","4.99","4.97","0.40","5.03","4.93","2025-10-16 00:00:00","2025-10-16 00:00:00"
"TRNT11","2025-10-15 00:00:00","95.00","95.00","95.00","0.00","95.00","95.00","2025-10-16 00:00:00","2025-10-16 00:00:00"
"HCTR11","2025-10-15 00:00:00","22.14","22.14","22.13","0.05","22.18","22.05","2025-10-16 00:00:00","2025-10-16 00:00:00"
"CPTS11","2025-10-15 00:00:00","7.56","7.56","7.52","0.53","7.56","7.48","2025-10-16 00:00:00","2025-10-16 00:00:00"
"FIIB11","2025-10-15 00:00:00","494.91","494.91","496.00","-0.22","496.00","494.60","2025-10-16 00:00:00","2025-10-16 00:00:00"
"INRD11","2025-10-15 00:00:00","75.62","75.62","77.94","-2.98","77.95","75.58","2025-10-16 00:00:00","2025-10-16 00:00:00"
"KNHF11","2025-10-15 00:00:00","93.50","93.50","93.01","0.53","93.59","92.59","2025-10-16 00:00:00","2025-10-16 00:00:00"
"VILG11","2025-10-15 00:00:00","88.70","88.70","87.87","0.94","89.17","87.55","2025-10-16 00:00:00","2025-10-16 00:00:00"
"FYTO11","2025-10-15 00:00:00","7.94","7.94","7.95","-0.13","7.97","7.90","2025-10-16 00:00:00","2025-10-16 00:00:00"
"JSAF11","2025-10-15 00:00:00","7.36","7.36","7.27","1.24","7.36","7.25","2025-10-16 00:00:00","2025-10-16 00:00:00"
"IRIM11","2025-10-15 00:00:00","67.50","67.50","67.78","-0.41","68.20","67.25","2025-10-16 00:00:00","2025-10-16 00:00:00"
"NEWU11","2025-10-15 00:00:00","98.93","98.93","95.71","3.36","98.93","95.71","2025-10-16 00:00:00","2025-10-16 00:00:00"
"RZZR11","2025-10-15 00:00:00","134.99","134.99","135.22","-0.17","135.22","133.00","2025-10-16 00:00:00","2025-10-16 00:00:00"
"GCDL11","2025-10-15 00:00:00","114.16","114.16","114.16","0.00","114.16","114.16","2025-10-16 00:00:00","2025-10-16 00:00:00"
"VPPR11","2025-10-15 00:00:00","14.63","14.63","14.06","4.05","14.99","14.00","2025-10-16 00:00:00","2025-10-16 00:00:00"
"HSRE11","2025-10-15 00:00:00","99.98","99.98","99.99","-0.01","99.99","97.29","2025-10-16 00:00:00","2025-10-16 00:00:00"
"VSHO11","2025-10-15 00:00:00","74.10","74.10","74.00","0.14","74.15","73.80","2025-10-16 00:00:00","2025-10-16 00:00:00"
"HGBS11","2025-10-15 00:00:00","20.10","20.10","19.97","0.65","20.13","19.97","2025-10-16 00:00:00","2025-10-16 00:00:00"
"VTLT11","2025-10-15 00:00:00","87.81","87.81","87.79","0.02","87.85","87.21","2025-10-16 00:00:00","2025-10-16 00:00:00"
"HFOF11","2025-10-15 00:00:00","6.17","6.17","6.13","0.65","6.17","6.10","2025-10-16 00:00:00","2025-10-16 00:00:00"
"RECR11","2025-10-15 00:00:00","78.00","78.00","77.31","0.89","78.35","77.21","2025-10-16 00:00:00","2025-10-16 00:00:00"
"FLCR11","2025-10-15 00:00:00","95.58","95.58","95.96","-0.40","95.96","95.28","2025-10-16 00:00:00","2025-10-16 00:00:00"
"BTRA11","2025-10-15 00:00:00","56.50","56.50","55.29","2.19","56.50","54.66","2025-10-16 00:00:00","2025-10-16 00:00:00"
"OCRE11","2025-10-15 00:00:00","89.95","89.95","89.95","0.00","89.95","89.95","2025-10-16 00:00:00","2025-10-16 00:00:00"
"ZAGH11","2025-10-15 00:00:00","10.40","10.40","10.38","0.19","10.40","10.30","2025-10-16 00:00:00","2025-10-16 00:00:00"
"CCME11","2025-10-15 00:00:00","8.83","8.83","8.89","-0.67","8.90","8.77","2025-10-16 00:00:00","2025-10-16 00:00:00"
"ITIP11","2025-10-15 00:00:00","64.93","64.93","64.87","0.09","64.98","64.21","2025-10-16 00:00:00","2025-10-16 00:00:00"
"GZIT11","2025-10-15 00:00:00","45.11","45.11","45.74","-1.38","45.89","44.80","2025-10-16 00:00:00","2025-10-16 00:00:00"
"FPAB11","2025-10-15 00:00:00","208.83","208.83","210.01","-0.56","211.00","206.02","2025-10-16 00:00:00","2025-10-16 00:00:00"
"SADI11","2025-10-15 00:00:00","8.68","8.68","8.69","-0.12","8.69","8.64","2025-10-16 00:00:00","2025-10-16 00:00:00"
"XPML11","2025-10-15 00:00:00","106.90","106.90","106.00","0.85","106.90","105.76","2025-10-16 00:00:00","2025-10-16 00:00:00"
"FATN11","2025-10-15 00:00:00","86.00","86.00","86.57","-0.66","86.57","85.62","2025-10-16 00:00:00","2025-10-16 00:00:00"
"VRTA11","2025-10-15 00:00:00","76.30","76.30","76.81","-0.66","77.02","75.50","2025-10-16 00:00:00","2025-10-16 00:00:00"
"CYCR11","2025-10-15 00:00:00","8.56","8.56","8.46","1.18","8.59","8.42","2025-10-16 00:00:00","2025-10-16 00:00:00"
"GTWR11","2025-10-15 00:00:00","77.15","77.15","77.35","-0.26","77.36","76.99","2025-10-16 00:00:00","2025-10-16 00:00:00"
"FIIP11","2025-10-15 00:00:00","154.37","154.37","155.94","-1.01","155.94","152.51","2025-10-16 00:00:00","2025-10-16 00:00:00"
"VVCO11","2025-10-15 00:00:00","14.84","14.84","14.63","1.44","14.84","14.63","2025-10-16 00:00:00","2025-10-16 00:00:00"
"TJKB11","2025-10-15 00:00:00","249.48","249.48","249.48","0.00","249.48","248.14","2025-10-16 00:00:00","2025-10-16 00:00:00"
"PULV11","2025-10-15 00:00:00","8.82","8.82","8.82","0.00","8.85","8.79","2025-10-16 00:00:00","2025-10-16 00:00:00"
"EURO11","2025-10-15 00:00:00","262.00","262.00","263.96","-0.74","263.97","260.00","2025-10-16 00:00:00","2025-10-16 00:00:00"
"WTSP11","2025-10-15 00:00:00","50.62","50.62","51.12","-0.98","51.12","50.62","2025-10-16 00:00:00","2025-10-16 00:00:00"
"TVRI11","2025-10-15 00:00:00","94.24","94.24","93.97","0.29","94.69","93.75","2025-10-16 00:00:00","2025-10-16 00:00:00"
"SJAU11","2025-10-15 00:00:00","4.00","4.00","4.86","-17.70","4.86","3.99","2025-10-16 00:00:00","2025-10-16 00:00:00"
"FIGS11","2025-10-15 00:00:00","47.76","47.76","47.64","0.25","48.19","47.64","2025-10-16 00:00:00","2025-10-16 00:00:00"
"BTYU11","2025-10-15 00:00:00","9.40","9.40","9.05","3.87","9.98","9.05","2025-10-16 00:00:00","2025-10-16 00:00:00"
"SEQR11","2025-10-15 00:00:00","48.47","48.47","48.45","0.04","49.00","48.00","2025-10-16 00:00:00","2025-10-16 00:00:00"
"RZAK11","2025-10-15 00:00:00","81.50","81.50","82.39","-1.08","82.39","81.30","2025-10-16 00:00:00","2025-10-16 00:00:00"
"XPIN11","2025-10-15 00:00:00","73.80","73.80","73.92","-0.16","74.43","73.80","2025-10-16 00:00:00","2025-10-16 00:00:00"
"CXAG11","2025-10-15 00:00:00","72.63","72.63","74.10","-1.98","74.18","71.99","2025-10-16 00:00:00","2025-10-16 00:00:00"
"MCEM11","2025-10-15 00:00:00","65.77","65.77","65.76","0.02","65.77","65.76","2025-10-16 00:00:00","2025-10-16 00:00:00"
"VCJR11","2025-10-15 00:00:00","77.00","77.00","76.66","0.44","77.25","76.17","2025-10-16 00:00:00","2025-10-16 00:00:00"
"VRTM11","2025-10-15 00:00:00","6.83","6.83","6.87","-0.58","6.87","6.82","2025-10-16 00:00:00","2025-10-16 00:00:00"
"GSFI11","2025-10-15 00:00:00","9.55","9.55","9.56","-0.10","9.56","9.48","2025-10-16 00:00:00","2025-10-16 00:00:00"
"CXTL11","2025-10-15 00:00:00","305.00","305.00","298.00","2.35","305.00","297.99","2025-10-16 00:00:00","2025-10-16 00:00:00"
"XPCI11","2025-10-15 00:00:00","84.17","84.17","84.46","-0.34","84.66","83.91","2025-10-16 00:00:00","2025-10-16 00:00:00"
"PORD11","2025-10-15 00:00:00","8.09","8.09","7.95","1.76","8.09","7.95","2025-10-16 00:00:00","2025-10-16 00:00:00"
"LASC11","2025-10-15 00:00:00","102.00","102.00","104.97","-2.83","104.97","100.60","2025-10-16 00:00:00","2025-10-16 00:00:00"
"HTMX11","2025-10-15 00:00:00","137.90","137.90","137.40","0.36","137.90","136.99","2025-10-16 00:00:00","2025-10-16 00:00:00"
"FAMB11","2025-10-15 00:00:00","901.00","901.00","897.01","0.44","929.98","891.01","2025-10-16 00:00:00","2025-10-16 00:00:00"
"MCRE11","2025-10-15 00:00:00","8.86","8.86","8.84","0.23","8.86","8.81","2025-10-16 00:00:00","2025-10-16 00:00:00"
"FIVN11","2025-10-15 00:00:00","4.95","4.95","4.81","2.91","4.97","4.77","2025-10-16 00:00:00","2025-10-16 00:00:00"
"MCLO11","2025-10-15 00:00:00","9.97","9.97","10.01","-0.40","10.17","9.97","2025-10-16 00:00:00","2025-10-16 00:00:00"
"RBFF11","2025-10-15 00:00:00","49.19","49.19","48.80","0.80","49.20","48.51","2025-10-16 00:00:00","2025-10-16 00:00:00"
"PQAG11","2025-10-15 00:00:00","55.49","55.49","55.49","0.00","55.49","55.49","2025-10-16 00:00:00","2025-10-16 00:00:00"
"HSAF11","2025-10-15 00:00:00","77.98","77.98","78.63","-0.83","78.63","77.73","2025-10-16 00:00:00","2025-10-16 00:00:00"
"RBVA11","2025-10-15 00:00:00","9.40","9.40","9.45","-0.53","9.45","9.38","2025-10-16 00:00:00","2025-10-16 00:00:00"
"JSCR11","2025-10-15 00:00:00","8.04","8.04","8.05","-0.12","8.08","8.00","2025-10-16 00:00:00","2025-10-16 00:00:00"
"TEPP11","2025-10-15 00:00:00","79.40","79.40","79.38","0.03","79.85","78.88","2025-10-16 00:00:00","2025-10-16 00:00:00"
"VVMR11","2025-10-15 00:00:00","84.37","84.37","84.60","-0.27","84.60","84.37","2025-10-16 00:00:00","2025-10-16 00:00:00"
"HGPO11","2025-10-15 00:00:00","140.97","140.97","139.09","1.35","140.98","139.00","2025-10-16 00:00:00","2025-10-16 00:00:00"
"BRCR11","2025-10-15 00:00:00","41.00","41.00","41.50","-1.20","41.52","40.95","2025-10-16 00:00:00","2025-10-16 00:00:00"
"HLOG11","2025-10-15 00:00:00","8.89","8.89","9.00","-1.22","9.00","8.52","2025-10-16 00:00:00","2025-10-16 00:00:00"
"GCRI11","2025-10-15 00:00:00","63.39","63.39","62.83","0.89","63.39","62.56","2025-10-16 00:00:00","2025-10-16 00:00:00"
"CXCE11","2025-10-15 00:00:00","40.95","40.95","40.27","1.69","40.95","40.27","2025-10-16 00:00:00","2025-10-16 00:00:00"
"BRIM11","2025-10-15 00:00:00","415.14","415.14","406.71","2.07","415.15","370.01","2025-10-16 00:00:00","2025-10-16 00:00:00"
"BROF11","2025-10-15 00:00:00","52.26","52.26","52.40","-0.27","52.84","52.00","2025-10-16 00:00:00","2025-10-16 00:00:00"
"BMLC11","2025-10-15 00:00:00","94.60","94.60","94.60","0.00","94.60","94.60","2025-10-16 00:00:00","2025-10-16 00:00:00"
"RPRI11","2025-10-15 00:00:00","84.42","84.42","83.95","0.56","84.73","83.72","2025-10-16 00:00:00","2025-10-16 00:00:00"
"LIFE11","2025-10-15 00:00:00","8.18","8.18","8.22","-0.49","8.26","8.18","2025-10-16 00:00:00","2025-10-16 00:00:00"
"DPRO11","2025-10-15 00:00:00","6.09","6.09","7.12","-14.47","7.12","5.94","2025-10-16 00:00:00","2025-10-16 00:00:00"
"HOSI11","2025-10-15 00:00:00","83.79","83.79","83.79","0.00","83.79","83.79","2025-10-16 00:00:00","2025-10-16 00:00:00"
"HPDP11","2025-10-15 00:00:00","89.10","89.10","89.47","-0.41","90.73","89.10","2025-10-16 00:00:00","2025-10-16 00:00:00"
"CPLG11","2025-10-15 00:00:00","12.30","12.30","12.30","0.00","12.30","12.23","2025-10-16 00:00:00","2025-10-16 00:00:00"
"CPSH11","2025-10-15 00:00:00","9.80","9.80","9.85","-0.51","9.90","9.74","2025-10-16 00:00:00","2025-10-16 00:00:00"
"HGRU11","2025-10-15 00:00:00","126.70","126.70","126.70","0.00","126.99","126.50","2025-10-16 00:00:00","2025-10-16 00:00:00"
"BTHI11","2025-10-15 00:00:00","42.49","42.49","42.49","0.00","42.49","42.09","2025-10-16 00:00:00","2025-10-16 00:00:00"
"LVBI11","2025-10-15 00:00:00","107.81","107.81","107.30","0.48","108.00","106.82","2025-10-16 00:00:00","2025-10-16 00:00:00"
"BBFO11","2025-10-15 00:00:00","62.30","62.30","62.04","0.42","62.50","61.90","2025-10-16 00:00:00","2025-10-16 00:00:00"
"IBCR11","2025-10-15 00:00:00","47.66","47.66","47.48","0.38","47.71","47.24","2025-10-16 00:00:00","2025-10-16 00:00:00"
"ICRI11","2025-10-15 00:00:00","89.00","89.00","89.47","-0.53","90.30","89.00","2025-10-16 00:00:00","2025-10-16 00:00:00"
"HOMS11","2025-10-15 00:00:00","118.10","118.10","118.10","0.00","118.10","118.10","2025-10-16 00:00:00","2025-10-16 00:00:00"
"CACR11","2025-10-15 00:00:00","73.28","73.28","73.81","-0.72","73.81","72.96","2025-10-16 00:00:00","2025-10-16 00:00:00"
"NVHO11","2025-10-15 00:00:00","12.40","12.40","12.45","-0.40","12.56","12.12","2025-10-16 00:00:00","2025-10-16 00:00:00"
"NCRI11","2025-10-15 00:00:00","8.63","8.63","8.65","-0.23","8.65","8.35","2025-10-16 00:00:00","2025-10-16 00:00:00"
"EGDB11","2025-10-15 00:00:00","1162.63","1162.63","1162.63","0.00","1162.63","1162.63","2025-10-16 00:00:00","2025-10-16 00:00:00"
"BRCO11","2025-10-15 00:00:00","115.49","115.49","115.36","0.11","115.89","114.77","2025-10-16 00:00:00","2025-10-16 00:00:00"
"KCRE11","2025-10-15 00:00:00","8.54","8.54","8.46","0.95","8.54","8.44","2025-10-16 00:00:00","2025-10-16 00:00:00"
"PATC11","2025-10-15 00:00:00","39.50","39.50","39.49","0.03","39.69","39.20","2025-10-16 00:00:00","2025-10-16 00:00:00"
"RELG11","2025-10-15 00:00:00","65.23","65.23","66.44","-1.82","66.44","65.13","2025-10-16 00:00:00","2025-10-16 00:00:00"
"CXCI11","2025-10-15 00:00:00","66.54","66.54","66.94","-0.60","66.94","66.50","2025-10-16 00:00:00","2025-10-16 00:00:00"
"WSEC11","2025-10-15 00:00:00","2.24","2.24","2.50","-10.40","2.60","2.21","2025-10-16 00:00:00","2025-10-16 00:00:00"
"BLMG11","2025-10-15 00:00:00","33.36","33.36","33.32","0.12","33.67","33.02","2025-10-16 00:00:00","2025-10-16 00:00:00"
"HREC11","2025-10-15 00:00:00","8.38","8.38","8.41","-0.36","8.41","8.25","2025-10-16 00:00:00","2025-10-16 00:00:00"
"KNSC11","2025-10-15 00:00:00","8.78","8.78","8.78","0.00","8.80","8.73","2025-10-16 00:00:00","2025-10-16 00:00:00"
"FISC11","2025-10-15 00:00:00","64.99","64.99","64.99","0.00","64.99","64.99","2025-10-16 00:00:00","2025-10-16 00:00:00"
"PMIS11","2025-10-15 00:00:00","7.91","7.91","7.87","0.51","7.91","7.78","2025-10-16 00:00:00","2025-10-16 00:00:00"
"RINV11","2025-10-15 00:00:00","101.50","101.50","101.20","0.30","101.50","101.05","2025-10-16 00:00:00","2025-10-16 00:00:00"
"BLCA11","2025-10-15 00:00:00","90.73","90.73","91.99","-1.37","91.99","90.72","2025-10-16 00:00:00","2025-10-16 00:00:00"
"RNGO11","2025-10-15 00:00:00","51.99","51.99","51.99","0.00","51.99","51.47","2025-10-16 00:00:00","2025-10-16 00:00:00"
"NAVT11","2025-10-15 00:00:00","68.84","68.84","68.72","0.17","69.28","68.72","2025-10-16 00:00:00","2025-10-16 00:00:00"
"TRBL11","2025-10-15 00:00:00","65.18","65.18","64.10","1.68","65.50","64.10","2025-10-16 00:00:00","2025-10-16 00:00:00"
"BTAL11","2025-10-15 00:00:00","80.72","80.72","80.79","-0.09","80.99","80.00","2025-10-16 00:00:00","2025-10-16 00:00:00"
"RBHG11","2025-10-15 00:00:00","64.44","64.44","64.75","-0.48","64.95","64.35","2025-10-16 00:00:00","2025-10-16 00:00:00"
"BPML11","2025-10-15 00:00:00","80.04","80.04","79.79","0.31","80.05","79.65","2025-10-16 00:00:00","2025-10-16 00:00:00"
"RBRR11","2025-10-15 00:00:00","84.92","84.92","84.80","0.14","84.93","84.25","2025-10-16 00:00:00","2025-10-16 00:00:00"
"RBIR11","2025-10-15 00:00:00","93.40","93.40","93.46","-0.06","93.46","93.05","2025-10-16 00:00:00","2025-10-16 00:00:00"
"TOPP11","2025-10-15 00:00:00","67.47","67.47","67.78","-0.46","67.83","67.19","2025-10-16 00:00:00","2025-10-16 00:00:00"
"VCRR11","2025-10-15 00:00:00","64.29","64.29","64.01","0.44","64.41","64.00","2025-10-16 00:00:00","2025-10-16 00:00:00"
"KNRI11","2025-10-15 00:00:00","146.38","146.38","146.01","0.25","146.67","145.85","2025-10-16 00:00:00","2025-10-16 00:00:00"
"GRUL11","2025-10-15 00:00:00","8.21","8.21","8.25","-0.48","8.30","8.21","2025-10-16 00:00:00","2025-10-16 00:00:00"
"PLAG11","2025-10-15 00:00:00","50.64","50.64","50.64","0.00","50.64","50.60","2025-10-16 00:00:00","2025-10-16 00:00:00"
"GCOI11","2025-10-15 00:00:00","98.99","98.99","98.99","0.00","98.99","98.99","2025-10-16 00:00:00","2025-10-16 00:00:00"
"TRXB11","2025-10-15 00:00:00","158.99","158.99","156.99","1.27","158.99","154.03","2025-10-16 00:00:00","2025-10-16 00:00:00"
"KNUQ11","2025-10-15 00:00:00","104.00","104.00","103.90","0.10","104.20","103.81","2025-10-16 00:00:00","2025-10-16 00:00:00"
"JCCJ11","2025-10-15 00:00:00","180.00","180.00","166.64","8.02","180.00","166.64","2025-10-16 00:00:00","2025-10-16 00:00:00"
"CTXT11","2025-10-15 00:00:00","4.86","4.86","4.84","0.41","5.49","4.82","2025-10-16 00:00:00","2025-10-16 00:00:00"
"SAPI11","2025-10-15 00:00:00","8.93","8.93","8.90","0.34","8.95","8.86","2025-10-16 00:00:00","2025-10-16 00:00:00"
"TGAR11","2025-10-15 00:00:00","85.10","85.10","85.31","-0.25","86.59","84.59","2025-10-16 00:00:00","2025-10-16 00:00:00"
"FLRP11","2025-10-15 00:00:00","20.10","20.10","20.07","0.15","20.17","20.04","2025-10-16 00:00:00","2025-10-16 00:00:00"
"GLPF11","2025-10-15 00:00:00","105.07","105.07","105.07","0.00","105.07","105.07","2025-10-16 00:00:00","2025-10-16 00:00:00"
"MANA11","2025-10-15 00:00:00","8.73","8.73","8.75","-0.23","8.77","8.69","2025-10-16 00:00:00","2025-10-16 00:00:00"
"CRFF11","2025-10-15 00:00:00","73.87","73.87","74.78","-1.22","74.80","73.87","2025-10-16 00:00:00","2025-10-16 00:00:00"
"HCRI11","2025-10-15 00:00:00","267.50","267.50","269.00","-0.56","269.00","267.00","2025-10-16 00:00:00","2025-10-16 00:00:00"
"URHF11","2025-10-15 00:00:00","72.50","72.50","75.94","-4.53","75.94","72.04","2025-10-16 00:00:00","2025-10-16 00:00:00"
"XPLG11","2025-10-15 00:00:00","100.74","100.74","101.05","-0.31","101.20","100.30","2025-10-16 00:00:00","2025-10-16 00:00:00"
"HGBL11","2025-10-15 00:00:00","8.90","8.90","8.81","1.02","8.90","8.60","2025-10-16 00:00:00","2025-10-16 00:00:00"
"ZAVI11","2025-10-15 00:00:00","88.92","88.92","89.09","-0.19","89.09","87.55","2025-10-16 00:00:00","2025-10-16 00:00:00"
"KORE11","2025-10-15 00:00:00","69.90","69.90","69.05","1.23","69.90","69.05","2025-10-16 00:00:00","2025-10-16 00:00:00"
"FAED11","2025-10-15 00:00:00","147.00","147.00","147.99","-0.67","148.00","146.71","2025-10-16 00:00:00","2025-10-16 00:00:00"
"SPTW11","2025-10-15 00:00:00","34.97","34.97","34.56","1.19","34.99","34.56","2025-10-16 00:00:00","2025-10-16 00:00:00"
"OUJP11","2025-10-15 00:00:00","76.50","76.50","76.36","0.18","76.73","76.24","2025-10-16 00:00:00","2025-10-16 00:00:00"
"TRXY11","2025-10-15 00:00:00","9.00","9.00","9.02","-0.22","9.03","8.99","2025-10-16 00:00:00","2025-10-16 00:00:00"
"HGCR11","2025-10-15 00:00:00","93.56","93.56","93.15","0.44","93.58","93.01","2025-10-16 00:00:00","2025-10-16 00:00:00"
"DEVA11","2025-10-15 00:00:00","25.40","25.40","25.35","0.20","25.54","25.28","2025-10-16 00:00:00","2025-10-16 00:00:00"
"DAYM11","2025-10-15 00:00:00","3.97","3.97","3.99","-0.50","3.99","3.60","2025-10-16 00:00:00","2025-10-16 00:00:00"
"CLIN11","2025-10-15 00:00:00","87.93","87.93","87.30","0.72","87.94","87.18","2025-10-16 00:00:00","2025-10-16 00:00:00"
"KISU11","2025-10-15 00:00:00","6.76","6.76","6.78","-0.29","6.78","6.72","2025-10-16 00:00:00","2025-10-16 00:00:00"
"RBRL11","2025-10-15 00:00:00","85.69","85.69","85.42","0.32","85.70","85.03","2025-10-16 00:00:00","2025-10-16 00:00:00"
"SCPF11","2025-10-15 00:00:00","2.67","2.67","2.58","3.49","2.67","2.58","2025-10-16 00:00:00","2025-10-16 00:00:00"
"VCRI11","2025-10-15 00:00:00","7.14","7.14","7.22","-1.11","7.23","7.13","2025-10-16 00:00:00","2025-10-16 00:00:00"
"MFII11","2025-10-15 00:00:00","76.20","76.20","76.95","-0.97","77.09","76.20","2025-10-16 00:00:00","2025-10-16 00:00:00"
"CARE11","2025-10-14 00:00:00","1.02","1.02","1.03","-0.97","1.03","1.01","2025-10-15 00:00:00","2025-10-15 00:00:00"
"TRXY11","2025-10-14 00:00:00","9.02","9.02","9.01","0.11","9.07","8.97","2025-10-15 00:00:00","2025-10-15 00:00:00"
"BBFO11","2025-10-14 00:00:00","62.05","62.05","62.20","-0.24","62.20","61.59","2025-10-15 00:00:00","2025-10-15 00:00:00"
"FLRP11","2025-10-14 00:00:00","20.07","20.07","20.19","-0.59","20.19","20.05","2025-10-15 00:00:00","2025-10-15 00:00:00"
"DPRO11","2025-10-14 00:00:00","6.25","6.25","6.19","0.97","6.25","6.14","2025-10-15 00:00:00","2025-10-15 00:00:00"
"CXCI11","2025-10-14 00:00:00","66.50","66.50","66.11","0.59","66.52","66.11","2025-10-15 00:00:00","2025-10-15 00:00:00"
"GRUL11","2025-10-14 00:00:00","8.22","8.22","8.29","-0.84","8.35","8.21","2025-10-15 00:00:00","2025-10-15 00:00:00"
"IBCR11","2025-10-14 00:00:00","47.48","47.48","47.50","-0.04","47.78","47.22","2025-10-15 00:00:00","2025-10-15 00:00:00"
"TOPP11","2025-10-14 00:00:00","67.21","67.21","67.18","0.04","67.39","67.03","2025-10-15 00:00:00","2025-10-15 00:00:00"
"BRCO11","2025-10-14 00:00:00","115.40","115.40","115.20","0.17","115.49","114.75","2025-10-15 00:00:00","2025-10-15 00:00:00"
"KISU11","2025-10-14 00:00:00","6.77","6.77","6.80","-0.44","6.80","6.74","2025-10-15 00:00:00","2025-10-15 00:00:00"
"GCOI11","2025-10-14 00:00:00","98.99","98.99","98.99","0.00","98.99","98.99","2025-10-15 00:00:00","2025-10-15 00:00:00"
"CTXT11","2025-10-14 00:00:00","4.82","4.82","4.85","-0.62","5.52","4.80","2025-10-15 00:00:00","2025-10-15 00:00:00"
"HREC11","2025-10-14 00:00:00","8.41","8.41","8.30","1.33","8.44","8.23","2025-10-15 00:00:00","2025-10-15 00:00:00"
"HGPO11","2025-10-14 00:00:00","139.09","139.09","138.33","0.55","140.66","138.33","2025-10-15 00:00:00","2025-10-15 00:00:00"
"NAVT11","2025-10-14 00:00:00","69.00","69.00","70.01","-1.44","70.01","69.00","2025-10-15 00:00:00","2025-10-15 00:00:00"
"RECD11","2025-10-14 00:00:00","8.36","8.36","8.36","0.00","8.36","8.35","2025-10-15 00:00:00","2025-10-15 00:00:00"
"RELG11","2025-10-14 00:00:00","65.09","65.09","66.58","-2.24","66.59","64.50","2025-10-15 00:00:00","2025-10-15 00:00:00"
"TRBL11","2025-10-14 00:00:00","64.04","64.04","63.75","0.45","64.17","63.73","2025-10-15 00:00:00","2025-10-15 00:00:00"
"NCRI11","2025-10-14 00:00:00","8.65","8.65","8.35","3.59","8.65","8.35","2025-10-15 00:00:00","2025-10-15 00:00:00"
"EGDB11","2025-10-14 00:00:00","1162.38","1162.38","1162.38","0.00","1162.38","1162.38","2025-10-15 00:00:00","2025-10-15 00:00:00"
"BLMG11","2025-10-14 00:00:00","32.99","32.99","32.65","1.04","33.67","32.60","2025-10-15 00:00:00","2025-10-15 00:00:00"
"RMAI11","2025-10-14 00:00:00","60.99","60.99","61.00","-0.02","61.00","60.99","2025-10-15 00:00:00","2025-10-15 00:00:00"
"PMIS11","2025-10-14 00:00:00","7.87","7.87","7.86","0.13","7.92","7.79","2025-10-15 00:00:00","2025-10-15 00:00:00"
"SAPI11","2025-10-14 00:00:00","8.86","8.86","8.84","0.23","8.86","8.81","2025-10-15 00:00:00","2025-10-15 00:00:00"
"HOMS11","2025-10-14 00:00:00","118.06","118.06","118.06","0.00","118.06","118.06","2025-10-15 00:00:00","2025-10-15 00:00:00"
"SCPF11","2025-10-14 00:00:00","2.62","2.62","2.62","0.00","2.67","2.58","2025-10-15 00:00:00","2025-10-15 00:00:00"
"BTHI11","2025-10-14 00:00:00","42.49","42.49","42.10","0.93","42.95","42.09","2025-10-15 00:00:00","2025-10-15 00:00:00"
"RBRR11","2025-10-14 00:00:00","84.65","84.65","84.89","-0.28","85.10","84.50","2025-10-15 00:00:00","2025-10-15 00:00:00"
"GLPF11","2025-10-14 00:00:00","105.03","105.03","105.03","0.00","105.03","105.03","2025-10-15 00:00:00","2025-10-15 00:00:00"
"RINV11","2025-10-14 00:00:00","101.00","101.00","101.50","-0.49","101.50","100.94","2025-10-15 00:00:00","2025-10-15 00:00:00"
"LVBI11","2025-10-14 00:00:00","107.69","107.69","107.00","0.64","108.00","106.90","2025-10-15 00:00:00","2025-10-15 00:00:00"
"GCRI11","2025-10-14 00:00:00","62.81","62.81","64.00","-1.86","64.02","62.30","2025-10-15 00:00:00","2025-10-15 00:00:00"
"RBHG11","2025-10-14 00:00:00","65.13","65.13","64.60","0.82","65.13","64.51","2025-10-15 00:00:00","2025-10-15 00:00:00"
"PLRI11","2025-10-14 00:00:00","8.98","8.98","8.97","0.11","8.98","8.97","2025-10-15 00:00:00","2025-10-15 00:00:00"
"CPSH11","2025-10-14 00:00:00","9.84","9.84","9.80","0.41","9.90","9.77","2025-10-15 00:00:00","2025-10-15 00:00:00"
"BRIM11","2025-10-14 00:00:00","415.02","415.02","409.99","1.23","430.90","380.03","2025-10-15 00:00:00","2025-10-15 00:00:00"
"KNRI11","2025-10-14 00:00:00","146.01","146.01","144.89","0.77","146.44","144.68","2025-10-15 00:00:00","2025-10-15 00:00:00"
"OUJP11","2025-10-14 00:00:00","76.32","76.32","75.95","0.49","76.35","75.95","2025-10-15 00:00:00","2025-10-15 00:00:00"
"TGAR11","2025-10-14 00:00:00","85.30","85.30","84.65","0.77","85.56","84.62","2025-10-15 00:00:00","2025-10-15 00:00:00"
"CACR11","2025-10-14 00:00:00","73.08","73.08","74.10","-1.38","74.10","72.51","2025-10-15 00:00:00","2025-10-15 00:00:00"
"RBIR11","2025-10-14 00:00:00","93.44","93.44","93.57","-0.14","93.57","93.08","2025-10-15 00:00:00","2025-10-15 00:00:00"
"TRXB11","2025-10-14 00:00:00","156.09","156.09","159.48","-2.13","159.50","152.00","2025-10-15 00:00:00","2025-10-15 00:00:00"
"BMLC11","2025-10-14 00:00:00","94.60","94.60","94.59","0.01","94.60","92.66","2025-10-15 00:00:00","2025-10-15 00:00:00"
"PATC11","2025-10-14 00:00:00","39.50","39.50","39.36","0.36","39.50","39.05","2025-10-15 00:00:00","2025-10-15 00:00:00"
"BLMO11","2025-10-14 00:00:00","88.99","88.99","83.84","6.14","88.99","83.84","2025-10-15 00:00:00","2025-10-15 00:00:00"
"DAYM11","2025-10-14 00:00:00","3.94","3.94","4.40","-10.45","4.40","3.90","2025-10-15 00:00:00","2025-10-15 00:00:00"
"URHF11","2025-10-14 00:00:00","75.00","75.00","75.98","-1.29","75.98","75.00","2025-10-15 00:00:00","2025-10-15 00:00:00"
"BLCA11","2025-10-14 00:00:00","90.20","90.20","90.88","-0.75","90.88","89.94","2025-10-15 00:00:00","2025-10-15 00:00:00"
"KNSC11","2025-10-14 00:00:00","8.78","8.78","8.81","-0.34","8.82","8.75","2025-10-15 00:00:00","2025-10-15 00:00:00"
"HLOG11","2025-10-14 00:00:00","9.00","9.00","8.99","0.11","9.02","8.92","2025-10-15 00:00:00","2025-10-15 00:00:00"
"NVHO11","2025-10-14 00:00:00","12.12","12.12","12.45","-2.65","12.45","12.12","2025-10-15 00:00:00","2025-10-15 00:00:00"
"RBRL11","2025-10-14 00:00:00","85.42","85.42","86.50","-1.25","86.50","85.01","2025-10-15 00:00:00","2025-10-15 00:00:00"
"MANA11","2025-10-14 00:00:00","8.72","8.72","8.72","0.00","8.77","8.71","2025-10-15 00:00:00","2025-10-15 00:00:00"
"BROF11","2025-10-14 00:00:00","52.40","52.40","52.39","0.02","53.09","52.05","2025-10-15 00:00:00","2025-10-15 00:00:00"
"RFOF11","2025-10-14 00:00:00","64.49","64.49","62.81","2.67","64.49","62.81","2025-10-15 00:00:00","2025-10-15 00:00:00"
"KNUQ11","2025-10-14 00:00:00","103.78","103.78","103.90","-0.12","103.90","103.73","2025-10-15 00:00:00","2025-10-15 00:00:00"
"BRCR11","2025-10-14 00:00:00","41.34","41.34","41.02","0.78","41.50","40.98","2025-10-15 00:00:00","2025-10-15 00:00:00"
"XPLG11","2025-10-14 00:00:00","101.05","101.05","100.30","0.75","101.20","100.24","2025-10-15 00:00:00","2025-10-15 00:00:00"
"WSEC11","2025-10-14 00:00:00","2.58","2.58","2.50","3.20","2.64","2.11","2025-10-15 00:00:00","2025-10-15 00:00:00"
"RPRI11","2025-10-14 00:00:00","83.95","83.95","84.12","-0.20","84.69","83.73","2025-10-15 00:00:00","2025-10-15 00:00:00"
"MFII11","2025-10-14 00:00:00","76.79","76.79","76.25","0.71","77.01","76.25","2025-10-15 00:00:00","2025-10-15 00:00:00"
"FISC11","2025-10-14 00:00:00","60.61","60.61","65.00","-6.75","65.00","60.61","2025-10-15 00:00:00","2025-10-15 00:00:00"
"KCRE11","2025-10-14 00:00:00","8.46","8.46","8.45","0.12","8.48","8.41","2025-10-15 00:00:00","2025-10-15 00:00:00"
"BTAL11","2025-10-14 00:00:00","80.01","80.01","79.72","0.36","80.30","79.72","2025-10-15 00:00:00","2025-10-15 00:00:00"
"HOSI11","2025-10-14 00:00:00","85.00","85.00","84.50","0.59","85.00","83.73","2025-10-15 00:00:00","2025-10-15 00:00:00"
"VVMR11","2025-10-14 00:00:00","84.00","84.00","84.28","-0.33","84.42","83.98","2025-10-15 00:00:00","2025-10-15 00:00:00"
"HCRI11","2025-10-14 00:00:00","268.35","268.35","268.35","0.00","271.00","268.35","2025-10-15 00:00:00","2025-10-15 00:00:00"
"ZAVI11","2025-10-14 00:00:00","87.95","87.95","88.79","-0.95","89.05","87.95","2025-10-15 00:00:00","2025-10-15 00:00:00"
"HGBL11","2025-10-14 00:00:00","8.87","8.87","8.90","-0.34","8.90","8.85","2025-10-15 00:00:00","2025-10-15 00:00:00"
"PLAG11","2025-10-14 00:00:00","50.64","50.64","50.66","-0.04","50.66","50.24","2025-10-15 00:00:00","2025-10-15 00:00:00"
"LIFE11","2025-10-14 00:00:00","8.17","8.17","8.05","1.49","8.29","7.95","2025-10-15 00:00:00","2025-10-15 00:00:00"
"RNGO11","2025-10-14 00:00:00","52.00","52.00","50.06","3.88","52.00","50.06","2025-10-15 00:00:00","2025-10-15 00:00:00"
"BSLT11","2025-10-14 00:00:00","97.65","97.65","90.11","8.37","97.65","90.11","2025-10-15 00:00:00","2025-10-15 00:00:00"
"VOTS11","2025-10-14 00:00:00","76.20","76.20","76.19","0.01","76.20","76.19","2025-10-15 00:00:00","2025-10-15 00:00:00"
"HGCR11","2025-10-14 00:00:00","93.21","93.21","93.24","-0.03","93.43","92.85","2025-10-15 00:00:00","2025-10-15 00:00:00"
"ICRI11","2025-10-14 00:00:00","89.41","89.41","89.41","0.00","89.56","89.03","2025-10-15 00:00:00","2025-10-15 00:00:00"
"SPTW11","2025-10-14 00:00:00","34.85","34.85","34.57","0.81","34.93","34.50","2025-10-15 00:00:00","2025-10-15 00:00:00"
"CLIN11","2025-10-14 00:00:00","86.93","86.93","87.00","-0.08","87.30","86.62","2025-10-15 00:00:00","2025-10-15 00:00:00"
"KORE11","2025-10-14 00:00:00","69.00","69.00","69.00","0.00","69.05","68.82","2025-10-15 00:00:00","2025-10-15 00:00:00"
"FAED11","2025-10-14 00:00:00","147.99","147.99","148.00","-0.01","148.00","147.01","2025-10-15 00:00:00","2025-10-15 00:00:00"
"BPML11","2025-10-14 00:00:00","79.85","79.85","79.80","0.06","80.05","79.61","2025-10-15 00:00:00","2025-10-15 00:00:00"
"VCRI11","2025-10-14 00:00:00","7.20","7.20","7.19","0.14","7.21","7.11","2025-10-15 00:00:00","2025-10-15 00:00:00"
"CXCE11","2025-10-14 00:00:00","40.95","40.95","40.92","0.07","40.95","40.69","2025-10-15 00:00:00","2025-10-15 00:00:00"
"CPLG11","2025-10-14 00:00:00","12.29","12.29","12.29","0.00","12.29","12.20","2025-10-15 00:00:00","2025-10-15 00:00:00"
"VCRR11","2025-10-14 00:00:00","64.01","64.01","64.08","-0.11","64.54","64.00","2025-10-15 00:00:00","2025-10-15 00:00:00"
"DEVA11","2025-10-14 00:00:00","25.35","25.35","25.55","-0.78","25.56","25.26","2025-10-15 00:00:00","2025-10-15 00:00:00"
"HGRU11","2025-10-14 00:00:00","126.55","126.55","126.27","0.22","126.83","126.11","2025-10-15 00:00:00","2025-10-15 00:00:00"
"JCCJ11","2025-10-14 00:00:00","166.64","166.64","166.64","0.00","166.64","166.64","2025-10-15 00:00:00","2025-10-15 00:00:00"
"BGRB11","2025-10-14 00:00:00","113.99","113.99","113.99","0.00","113.99","113.99","2025-10-15 00:00:00","2025-10-15 00:00:00"
"AIEC11","2025-10-14 00:00:00","51.80","51.80","51.50","0.58","51.92","51.50","2025-10-15 00:00:00","2025-10-15 00:00:00"
"AROA11","2025-10-14 00:00:00","1.01","1.01","1.02","-0.98","1.02","1.01","2025-10-15 00:00:00","2025-10-15 00:00:00"
"HAAA11","2025-10-14 00:00:00","49.00","49.00","49.02","-0.04","49.03","48.03","2025-10-15 00:00:00","2025-10-15 00:00:00"
"TELM11","2025-10-14 00:00:00","10.01","10.01","10.01","0.00","10.01","10.01","2025-10-15 00:00:00","2025-10-15 00:00:00"
"PRSV11","2025-10-14 00:00:00","37.01","37.01","41.80","-11.46","41.80","37.01","2025-10-15 00:00:00","2025-10-15 00:00:00"
"EGYR11","2025-10-14 00:00:00","3.08","3.08","3.09","-0.32","3.09","2.90","2025-10-15 00:00:00","2025-10-15 00:00:00"
"VGHF11","2025-10-14 00:00:00","7.50","7.50","7.55","-0.66","7.58","7.50","2025-10-15 00:00:00","2025-10-15 00:00:00"
"EXES11","2025-10-14 00:00:00","9.70","9.70","9.77","-0.72","9.77","9.67","2025-10-15 00:00:00","2025-10-15 00:00:00"
"NEWL11","2025-10-14 00:00:00","104.50","104.50","104.50","0.00","104.50","103.11","2025-10-15 00:00:00","2025-10-15 00:00:00"
"KNIP11","2025-10-14 00:00:00","88.63","88.63","87.49","1.30","88.78","87.48","2025-10-15 00:00:00","2025-10-15 00:00:00"
"MXRF11","2025-10-14 00:00:00","9.62","9.62","9.57","0.52","9.62","9.56","2025-10-15 00:00:00","2025-10-15 00:00:00"
"HOFC11","2025-10-14 00:00:00","28.21","28.21","28.29","-0.28","28.55","28.21","2025-10-15 00:00:00","2025-10-15 00:00:00"
"SNCI11","2025-10-14 00:00:00","83.35","83.35","82.80","0.66","83.48","82.80","2025-10-15 00:00:00","2025-10-15 00:00:00"
"URPR11","2025-10-14 00:00:00","34.64","34.64","34.35","0.84","34.94","34.35","2025-10-15 00:00:00","2025-10-15 00:00:00"
"IRDM11","2025-10-14 00:00:00","58.25","58.25","58.91","-1.12","58.98","58.05","2025-10-15 00:00:00","2025-10-15 00:00:00"
"TORD11","2025-10-14 00:00:00","3.10","3.10","3.11","-0.32","3.12","3.10","2025-10-15 00:00:00","2025-10-15 00:00:00"
"IBBP11","2025-10-14 00:00:00","7.65","7.65","7.79","-1.80","7.80","7.48","2025-10-15 00:00:00","2025-10-15 00:00:00"
"RCFA11","2025-10-14 00:00:00","0.55","0.55","0.55","0.00","0.55","0.55","2025-10-15 00:00:00","2025-10-15 00:00:00"
"KIVO11","2025-10-14 00:00:00","61.00","61.00","61.45","-0.73","61.50","60.74","2025-10-15 00:00:00","2025-10-15 00:00:00"
"BTHF11","2025-10-14 00:00:00","8.54","8.54","8.54","0.00","8.59","8.54","2025-10-15 00:00:00","2025-10-15 00:00:00"
"INLG11","2025-10-14 00:00:00","74.12","74.12","73.67","0.61","74.12","73.65","2025-10-15 00:00:00","2025-10-15 00:00:00"
"SMRE11","2025-10-14 00:00:00","78.90","78.90","78.82","0.10","78.90","78.57","2025-10-15 00:00:00","2025-10-15 00:00:00"
"RCRB11","2025-10-14 00:00:00","124.81","124.81","125.58","-0.61","125.58","124.62","2025-10-15 00:00:00","2025-10-15 00:00:00"
"RENV11","2025-10-14 00:00:00","5.37","5.37","5.90","-8.98","5.90","5.36","2025-10-15 00:00:00","2025-10-15 00:00:00"
"GLOG11","2025-10-14 00:00:00","67.00","67.00","64.67","3.60","67.00","64.67","2025-10-15 00:00:00","2025-10-15 00:00:00"
"DVFF11","2025-10-14 00:00:00","5.82","5.82","5.86","-0.68","5.90","5.82","2025-10-15 00:00:00","2025-10-15 00:00:00"
"ALZC11","2025-10-14 00:00:00","7.80","7.80","7.77","0.39","7.84","7.76","2025-10-15 00:00:00","2025-10-15 00:00:00"
"HABT11","2025-10-14 00:00:00","73.16","73.16","73.25","-0.12","73.40","72.95","2025-10-15 00:00:00","2025-10-15 00:00:00"
"HSLG11","2025-10-14 00:00:00","86.85","86.85","87.17","-0.37","87.17","86.80","2025-10-15 00:00:00","2025-10-15 00:00:00"
"BBFI11","2025-10-14 00:00:00","351.55","351.55","351.51","0.01","351.65","351.50","2025-10-15 00:00:00","2025-10-15 00:00:00"
"BCRI11","2025-10-14 00:00:00","62.86","62.86","62.81","0.08","63.00","62.77","2025-10-15 00:00:00","2025-10-15 00:00:00"
"SNME11","2025-10-14 00:00:00","9.70","9.70","9.61","0.94","9.73","9.51","2025-10-15 00:00:00","2025-10-15 00:00:00"
"ABCP11","2025-10-14 00:00:00","78.83","78.83","71.71","9.93","78.83","71.50","2025-10-15 00:00:00","2025-10-15 00:00:00"
"NSLU11","2025-10-14 00:00:00","200.00","200.00","201.73","-0.86","201.95","196.58","2025-10-15 00:00:00","2025-10-15 00:00:00"
"HGRE11","2025-10-14 00:00:00","116.40","116.40","116.20","0.17","117.29","116.15","2025-10-15 00:00:00","2025-10-15 00:00:00"
"GGRC11","2025-10-14 00:00:00","9.97","9.97","10.00","-0.30","10.00","9.94","2025-10-15 00:00:00","2025-10-15 00:00:00"
"JPPA11","2025-10-14 00:00:00","78.88","78.88","78.94","-0.08","79.56","78.25","2025-10-15 00:00:00","2025-10-15 00:00:00"
"VGIR11","2025-10-14 00:00:00","9.43","9.43","9.44","-0.11","9.44","9.41","2025-10-15 00:00:00","2025-10-15 00:00:00"
"EDGA11","2025-10-14 00:00:00","14.86","14.86","14.81","0.34","15.60","14.81","2025-10-15 00:00:00","2025-10-15 00:00:00"
"RBHY11","2025-10-14 00:00:00","75.15","75.15","75.56","-0.54","75.69","74.94","2025-10-15 00:00:00","2025-10-15 00:00:00"
"SNFF11","2025-10-14 00:00:00","70.95","70.95","71.25","-0.42","71.35","70.21","2025-10-15 00:00:00","2025-10-15 00:00:00"
"BTLG11","2025-10-14 00:00:00","103.71","103.71","103.99","-0.27","104.21","103.56","2025-10-15 00:00:00","2025-10-15 00:00:00"
"APXM11","2025-10-14 00:00:00","74.00","74.00","77.00","-3.90","80.86","74.00","2025-10-15 00:00:00","2025-10-15 00:00:00"
"SNLG11","2025-10-14 00:00:00","1.69","1.69","1.71","-1.17","1.88","1.69","2025-10-15 00:00:00","2025-10-15 00:00:00"
"APTO11","2025-10-14 00:00:00","8.41","8.41","8.42","-0.12","8.44","8.40","2025-10-15 00:00:00","2025-10-15 00:00:00"
"FMOF11","2025-10-14 00:00:00","76.69","76.69","76.68","0.01","76.69","76.68","2025-10-15 00:00:00","2025-10-15 00:00:00"
"HSML11","2025-10-14 00:00:00","83.85","83.85","83.99","-0.17","84.00","83.68","2025-10-15 00:00:00","2025-10-15 00:00:00"
"HUCG11","2025-10-14 00:00:00","86.00","86.00","88.00","-2.27","88.00","85.94","2025-10-15 00:00:00","2025-10-15 00:00:00"
"HGLG11","2025-10-14 00:00:00","159.98","159.98","160.10","-0.07","160.39","159.75","2025-10-15 00:00:00","2025-10-15 00:00:00"
"HCHG11","2025-10-14 00:00:00","77.69","77.69","76.12","2.06","79.24","76.12","2025-10-15 00:00:00","2025-10-15 00:00:00"
"BIME11","2025-10-14 00:00:00","6.69","6.69","6.75","-0.89","6.78","6.61","2025-10-15 00:00:00","2025-10-15 00:00:00"
"VGRI11","2025-10-14 00:00:00","8.38","8.38","8.44","-0.71","8.44","8.38","2025-10-15 00:00:00","2025-10-15 00:00:00"
"PVBI11","2025-10-14 00:00:00","76.79","76.79","76.75","0.05","77.47","76.50","2025-10-15 00:00:00","2025-10-15 00:00:00"
"JFLL11","2025-10-14 00:00:00","68.06","68.06","68.18","-0.18","68.89","67.85","2025-10-15 00:00:00","2025-10-15 00:00:00"
"RECM11","2025-10-14 00:00:00","8.07","8.07","8.56","-5.72","8.56","7.75","2025-10-15 00:00:00","2025-10-15 00:00:00"
"CXRI11","2025-10-14 00:00:00","62.50","62.50","62.43","0.11","62.50","62.43","2025-10-15 00:00:00","2025-10-15 00:00:00"
"RZTR11","2025-10-14 00:00:00","91.95","91.95","92.19","-0.26","92.33","91.90","2025-10-15 00:00:00","2025-10-15 00:00:00"
"FLMA11","2025-10-14 00:00:00","144.48","144.48","144.55","-0.05","145.31","142.02","2025-10-15 00:00:00","2025-10-15 00:00:00"
"RRCI11","2025-10-14 00:00:00","78.52","78.52","78.47","0.06","80.98","78.47","2025-10-15 00:00:00","2025-10-15 00:00:00"
"RVBI11","2025-10-14 00:00:00","62.30","62.30","62.59","-0.46","62.65","62.25","2025-10-15 00:00:00","2025-10-15 00:00:00"
"VISC11","2025-10-14 00:00:00","107.79","107.79","108.16","-0.34","108.25","107.57","2025-10-15 00:00:00","2025-10-15 00:00:00"
"BBIG11","2025-10-14 00:00:00","6.93","6.93","6.94","-0.14","6.95","6.90","2025-10-15 00:00:00","2025-10-15 00:00:00"
"PATA11","2025-10-14 00:00:00","9.98","9.98","9.98","0.00","9.98","9.98","2025-10-15 00:00:00","2025-10-15 00:00:00"
"BCIA11","2025-10-14 00:00:00","82.87","82.87","82.54","0.40","83.18","82.54","2025-10-15 00:00:00","2025-10-15 00:00:00"
"SHPH11","2025-10-14 00:00:00","930.00","930.00","939.00","-0.96","939.00","929.99","2025-10-15 00:00:00","2025-10-15 00:00:00"
"BRIP11","2025-10-14 00:00:00","729.99","729.99","729.99","0.00","729.99","729.99","2025-10-15 00:00:00","2025-10-15 00:00:00"
"CEOC11","2025-10-14 00:00:00","44.50","44.50","44.50","0.00","44.98","44.50","2025-10-15 00:00:00","2025-10-15 00:00:00"
"ZAVC11","2025-10-14 00:00:00","9.89","9.89","9.28","6.57","9.95","9.28","2025-10-15 00:00:00","2025-10-15 00:00:00"
"CPOF11","2025-10-14 00:00:00","110.00","110.00","100.05","9.95","110.00","100.05","2025-10-15 00:00:00","2025-10-15 00:00:00"
"ATSA11","2025-10-14 00:00:00","50.80","50.80","50.99","-0.37","50.99","50.80","2025-10-15 00:00:00","2025-10-15 00:00:00"
"ALMI11","2025-10-14 00:00:00","601.00","601.00","601.00","0.00","601.00","601.00","2025-10-15 00:00:00","2025-10-15 00:00:00"
"ANCR11","2025-10-14 00:00:00","194.98","194.98","194.99","-0.01","194.99","194.98","2025-10-15 00:00:00","2025-10-15 00:00:00"
"WPLZ11","2025-10-14 00:00:00","49.50","49.50","49.98","-0.96","50.00","49.50","2025-10-15 00:00:00","2025-10-15 00:00:00"
"PATL11","2025-10-14 00:00:00","60.60","60.60","59.40","2.02","60.70","59.40","2025-10-15 00:00:00","2025-10-15 00:00:00"
"FCFL11","2025-10-14 00:00:00","126.02","126.02","126.49","-0.37","129.45","126.02","2025-10-15 00:00:00","2025-10-15 00:00:00"
"XPSF11","2025-10-14 00:00:00","6.20","6.20","6.19","0.16","6.22","6.18","2025-10-15 00:00:00","2025-10-15 00:00:00"
"ARXD11","2025-10-14 00:00:00","7.62","7.62","7.61","0.13","7.62","7.51","2025-10-15 00:00:00","2025-10-15 00:00:00"
"KNHY11","2025-10-14 00:00:00","99.99","99.99","100.35","-0.36","100.35","99.90","2025-10-15 00:00:00","2025-10-15 00:00:00"
"BTCI11","2025-10-14 00:00:00","9.30","9.30","9.30","0.00","9.32","9.26","2025-10-15 00:00:00","2025-10-15 00:00:00"
"SARE11","2025-10-14 00:00:00","4.77","4.77","4.76","0.21","4.77","4.72","2025-10-15 00:00:00","2025-10-15 00:00:00"
"JSRE11","2025-10-14 00:00:00","61.39","61.39","61.60","-0.34","61.77","61.05","2025-10-15 00:00:00","2025-10-15 00:00:00"
"KFOF11","2025-10-14 00:00:00","78.85","78.85","78.82","0.04","79.00","78.35","2025-10-15 00:00:00","2025-10-15 00:00:00"
"KNCR11","2025-10-14 00:00:00","104.30","104.30","104.39","-0.09","104.55","104.30","2025-10-15 00:00:00","2025-10-15 00:00:00"
"VVCR11","2025-10-14 00:00:00","9.88","9.88","9.80","0.82","9.89","9.80","2025-10-15 00:00:00","2025-10-15 00:00:00"
"BBRC11","2025-10-14 00:00:00","97.42","97.42","97.85","-0.44","98.50","97.31","2025-10-15 00:00:00","2025-10-15 00:00:00"
"ALZR11","2025-10-14 00:00:00","10.55","10.55","10.60","-0.47","10.62","10.53","2025-10-15 00:00:00","2025-10-15 00:00:00"
"ARRI11","2025-10-14 00:00:00","6.54","6.54","6.59","-0.76","6.59","6.52","2025-10-15 00:00:00","2025-10-15 00:00:00"
"ITIT11","2025-10-14 00:00:00","68.19","68.19","67.90","0.43","68.21","67.73","2025-10-15 00:00:00","2025-10-15 00:00:00"
"DAMA11","2025-10-14 00:00:00","7.33","7.33","7.23","1.38","7.58","7.00","2025-10-15 00:00:00","2025-10-15 00:00:00"
"RBOP11","2025-10-14 00:00:00","200.00","200.00","210.00","-4.76","210.00","200.00","2025-10-15 00:00:00","2025-10-15 00:00:00"
"MGHT11","2025-10-14 00:00:00","16.17","16.17","15.56","3.92","16.36","15.56","2025-10-15 00:00:00","2025-10-15 00:00:00"
"MAXR11","2025-10-14 00:00:00","64.05","64.05","64.05","0.00","64.50","64.05","2025-10-15 00:00:00","2025-10-15 00:00:00"
"VXXV11","2025-10-14 00:00:00","685.00","685.00","685.00","0.00","685.00","685.00","2025-10-15 00:00:00","2025-10-15 00:00:00"
"CBOP11","2025-10-14 00:00:00","25.00","25.00","25.08","-0.32","25.08","25.00","2025-10-15 00:00:00","2025-10-15 00:00:00"
"SPXS11","2025-10-14 00:00:00","8.41","8.41","8.43","-0.24","8.43","8.37","2025-10-15 00:00:00","2025-10-15 00:00:00"
"AFHI11","2025-10-14 00:00:00","94.64","94.64","94.50","0.15","94.73","94.31","2025-10-15 00:00:00","2025-10-15 00:00:00"
"VSLH11","2025-10-14 00:00:00","2.54","2.54","2.54","0.00","2.58","2.53","2025-10-15 00:00:00","2025-10-15 00:00:00"
"PMLL11","2025-10-14 00:00:00","100.99","100.99","100.00","0.99","100.99","99.56","2025-10-15 00:00:00","2025-10-15 00:00:00"
"HGIC11","2025-10-14 00:00:00","69.44","69.44","65.45","6.10","70.00","64.57","2025-10-15 00:00:00","2025-10-15 00:00:00"
"AJFI11","2025-10-14 00:00:00","7.63","7.63","7.62","0.13","7.68","7.62","2025-10-15 00:00:00","2025-10-15 00:00:00"
"FVPQ11","2025-10-14 00:00:00","65.23","65.23","65.14","0.14","65.46","65.14","2025-10-15 00:00:00","2025-10-15 00:00:00"
"EDFO11","2025-10-14 00:00:00","122.00","122.00","121.99","0.01","122.00","115.05","2025-10-15 00:00:00","2025-10-15 00:00:00"
"AZPL11","2025-10-14 00:00:00","7.65","7.65","7.65","0.00","7.67","7.62","2025-10-15 00:00:00","2025-10-15 00:00:00"
"VIUR11","2025-10-14 00:00:00","5.68","5.68","5.55","2.34","5.71","5.51","2025-10-15 00:00:00","2025-10-15 00:00:00"
"BTYU11","2025-10-14 00:00:00","9.05","9.05","9.80","-7.65","9.80","9.05","2025-10-15 00:00:00","2025-10-15 00:00:00"
"RBFF11","2025-10-14 00:00:00","48.80","48.80","49.02","-0.45","49.30","48.51","2025-10-15 00:00:00","2025-10-15 00:00:00"
"JSCR11","2025-10-14 00:00:00","8.02","8.02","8.00","0.25","8.03","7.98","2025-10-15 00:00:00","2025-10-15 00:00:00"
"CYCR11","2025-10-14 00:00:00","8.46","8.46","8.44","0.24","8.47","8.37","2025-10-15 00:00:00","2025-10-15 00:00:00"
"MCCI11","2025-10-14 00:00:00","88.30","88.30","88.20","0.11","88.75","87.80","2025-10-15 00:00:00","2025-10-15 00:00:00"
"IRIM11","2025-10-14 00:00:00","67.10","67.10","66.65","0.68","67.10","66.65","2025-10-15 00:00:00","2025-10-15 00:00:00"
"VPPR11","2025-10-14 00:00:00","14.00","14.00","13.62","2.79","14.97","13.61","2025-10-15 00:00:00","2025-10-15 00:00:00"
"PORD11","2025-10-14 00:00:00","7.97","7.97","7.96","0.13","8.00","7.96","2025-10-15 00:00:00","2025-10-15 00:00:00"
"SEQR11","2025-10-14 00:00:00","48.45","48.45","47.85","1.25","48.49","47.85","2025-10-15 00:00:00","2025-10-15 00:00:00"
"HUSC11","2025-10-14 00:00:00","89.21","89.21","89.21","0.00","89.21","89.21","2025-10-15 00:00:00","2025-10-15 00:00:00"
"HTMX11","2025-10-14 00:00:00","137.40","137.40","137.19","0.15","137.58","136.60","2025-10-15 00:00:00","2025-10-15 00:00:00"
"FIIP11","2025-10-14 00:00:00","155.95","155.95","159.84","-2.43","160.82","153.00","2025-10-15 00:00:00","2025-10-15 00:00:00"
"GTWR11","2025-10-14 00:00:00","77.35","77.35","77.17","0.23","77.36","76.63","2025-10-15 00:00:00","2025-10-15 00:00:00"
"FYTO11","2025-10-14 00:00:00","7.96","7.96","7.89","0.89","7.96","7.89","2025-10-15 00:00:00","2025-10-15 00:00:00"
"JSAF11","2025-10-14 00:00:00","7.27","7.27","7.30","-0.41","7.31","7.24","2025-10-15 00:00:00","2025-10-15 00:00:00"
"RBDS11","2025-10-14 00:00:00","2.30","2.30","2.30","0.00","2.30","2.30","2025-10-15 00:00:00","2025-10-15 00:00:00"
"PCIP11","2025-10-14 00:00:00","80.84","80.84","81.01","-0.21","81.68","80.31","2025-10-15 00:00:00","2025-10-15 00:00:00"
"RBRP11","2025-10-14 00:00:00","50.87","50.87","50.99","-0.24","51.05","50.64","2025-10-15 00:00:00","2025-10-15 00:00:00"
"RBVA11","2025-10-14 00:00:00","9.39","9.39","9.45","-0.63","9.45","9.35","2025-10-15 00:00:00","2025-10-15 00:00:00"
